--------------------------------------------------------
--  파일이 생성됨 - 금요일-6월-03-2022   
--------------------------------------------------------
--------------------------------------------------------
--  DDL for Table BASKET
--------------------------------------------------------

  CREATE TABLE "BASKET" 
   (	"BNO" NUMBER, 
	"GCODE" VARCHAR2(1000 BYTE), 
	"BAMOUNT" NUMBER DEFAULT 1, 
	"USERID" VARCHAR2(200 BYTE), 
	"BDATE" VARCHAR2(200 BYTE) DEFAULT sysdate
   ) SEGMENT CREATION IMMEDIATE 
  PCTFREE 10 PCTUSED 40 INITRANS 1 MAXTRANS 255 NOCOMPRESS LOGGING
  STORAGE(INITIAL 65536 NEXT 1048576 MINEXTENTS 1 MAXEXTENTS 2147483645
  PCTINCREASE 0 FREELISTS 1 FREELIST GROUPS 1 BUFFER_POOL DEFAULT FLASH_CACHE DEFAULT CELL_FLASH_CACHE DEFAULT)
  TABLESPACE "USERS" ;
--------------------------------------------------------
--  DDL for Table BONUS
--------------------------------------------------------

  CREATE TABLE "BONUS" 
   (	"ENAME" VARCHAR2(10 BYTE), 
	"JOB" VARCHAR2(9 BYTE), 
	"SAL" NUMBER, 
	"COMM" NUMBER
   ) SEGMENT CREATION IMMEDIATE 
  PCTFREE 10 PCTUSED 40 INITRANS 1 MAXTRANS 255 NOCOMPRESS LOGGING
  STORAGE(INITIAL 65536 NEXT 1048576 MINEXTENTS 1 MAXEXTENTS 2147483645
  PCTINCREASE 0 FREELISTS 1 FREELIST GROUPS 1 BUFFER_POOL DEFAULT FLASH_CACHE DEFAULT CELL_FLASH_CACHE DEFAULT)
  TABLESPACE "USERS" ;
--------------------------------------------------------
--  DDL for Table DB_ACCESS
--------------------------------------------------------

  CREATE TABLE "DB_ACCESS" 
   (	"NO" NUMBER, 
	"REQUEST_URI" VARCHAR2(100 BYTE), 
	"QUERY_STRING" VARCHAR2(200 BYTE), 
	"REMOTE_ADDRESS" VARCHAR2(30 BYTE), 
	"SERVER_NAME" VARCHAR2(60 BYTE), 
	"SERVER_PORT" VARCHAR2(10 BYTE), 
	"LOCALE" VARCHAR2(20 BYTE), 
	"BROWSER" VARCHAR2(200 BYTE), 
	"REFERER" VARCHAR2(255 BYTE), 
	"SESSION_ID" VARCHAR2(80 BYTE), 
	"USER_ID" VARCHAR2(20 BYTE), 
	"RESPONSE_TIME" NUMBER, 
	"REG_DATE" DATE DEFAULT sysdate
   ) SEGMENT CREATION IMMEDIATE 
  PCTFREE 10 PCTUSED 40 INITRANS 1 MAXTRANS 255 NOCOMPRESS LOGGING
  STORAGE(INITIAL 65536 NEXT 1048576 MINEXTENTS 1 MAXEXTENTS 2147483645
  PCTINCREASE 0 FREELISTS 1 FREELIST GROUPS 1 BUFFER_POOL DEFAULT FLASH_CACHE DEFAULT CELL_FLASH_CACHE DEFAULT)
  TABLESPACE "USERS" ;
--------------------------------------------------------
--  DDL for Table DEPT
--------------------------------------------------------

  CREATE TABLE "DEPT" 
   (	"DEPTNO" NUMBER(2,0), 
	"DNAME" VARCHAR2(14 BYTE), 
	"LOC" VARCHAR2(13 BYTE)
   ) SEGMENT CREATION IMMEDIATE 
  PCTFREE 10 PCTUSED 40 INITRANS 1 MAXTRANS 255 NOCOMPRESS LOGGING
  STORAGE(INITIAL 65536 NEXT 1048576 MINEXTENTS 1 MAXEXTENTS 2147483645
  PCTINCREASE 0 FREELISTS 1 FREELIST GROUPS 1 BUFFER_POOL DEFAULT FLASH_CACHE DEFAULT CELL_FLASH_CACHE DEFAULT)
  TABLESPACE "USERS" ;
--------------------------------------------------------
--  DDL for Table EMP
--------------------------------------------------------

  CREATE TABLE "EMP" 
   (	"EMPNO" NUMBER(4,0), 
	"ENAME" VARCHAR2(10 BYTE), 
	"JOB" VARCHAR2(9 BYTE), 
	"MGR" NUMBER(4,0), 
	"HIREDATE" DATE, 
	"SAL" NUMBER(7,2), 
	"COMM" NUMBER(7,2), 
	"DEPTNO" NUMBER(2,0)
   ) SEGMENT CREATION IMMEDIATE 
  PCTFREE 10 PCTUSED 40 INITRANS 1 MAXTRANS 255 NOCOMPRESS LOGGING
  STORAGE(INITIAL 65536 NEXT 1048576 MINEXTENTS 1 MAXEXTENTS 2147483645
  PCTINCREASE 0 FREELISTS 1 FREELIST GROUPS 1 BUFFER_POOL DEFAULT FLASH_CACHE DEFAULT CELL_FLASH_CACHE DEFAULT)
  TABLESPACE "USERS" ;
--------------------------------------------------------
--  DDL for Table EMPLOYEES
--------------------------------------------------------

  CREATE TABLE "EMPLOYEES" 
   (	"U_ID" VARCHAR2(8 BYTE), 
	"NAME" VARCHAR2(20 BYTE), 
	"PASSWORD" VARCHAR2(20 BYTE), 
	"POSITION" VARCHAR2(4 BYTE), 
	"WORKPLACE" VARCHAR2(20 BYTE), 
	"ADDRESS" VARCHAR2(50 BYTE), 
	"BIRTHDAY" DATE, 
	"JOINDAY" DATE, 
	"WEDDINGDAY" DATE, 
	"NO" NUMBER(11,0)
   ) SEGMENT CREATION IMMEDIATE 
  PCTFREE 10 PCTUSED 40 INITRANS 1 MAXTRANS 255 NOCOMPRESS LOGGING
  STORAGE(INITIAL 65536 NEXT 1048576 MINEXTENTS 1 MAXEXTENTS 2147483645
  PCTINCREASE 0 FREELISTS 1 FREELIST GROUPS 1 BUFFER_POOL DEFAULT FLASH_CACHE DEFAULT CELL_FLASH_CACHE DEFAULT)
  TABLESPACE "USERS" ;
--------------------------------------------------------
--  DDL for Table GOODS
--------------------------------------------------------

  CREATE TABLE "GOODS" 
   (	"GCODE" VARCHAR2(2000 BYTE), 
	"GNO" NUMBER, 
	"GNAME" VARCHAR2(200 BYTE), 
	"GDETAIL" VARCHAR2(1000 BYTE), 
	"GIMAGE" VARCHAR2(2000 BYTE), 
	"GPRICE" NUMBER, 
	"GAMOUNT" NUMBER, 
	"GOPTION" VARCHAR2(200 BYTE) DEFAULT 1, 
	"GOPTION2" VARCHAR2(200 BYTE), 
	"GSIZE" VARCHAR2(200 BYTE)
   ) SEGMENT CREATION IMMEDIATE 
  PCTFREE 10 PCTUSED 40 INITRANS 1 MAXTRANS 255 NOCOMPRESS LOGGING
  STORAGE(INITIAL 65536 NEXT 1048576 MINEXTENTS 1 MAXEXTENTS 2147483645
  PCTINCREASE 0 FREELISTS 1 FREELIST GROUPS 1 BUFFER_POOL DEFAULT FLASH_CACHE DEFAULT CELL_FLASH_CACHE DEFAULT)
  TABLESPACE "USERS" ;
--------------------------------------------------------
--  DDL for Table GRADE
--------------------------------------------------------

  CREATE TABLE "GRADE" 
   (	"MGRADE" NUMBER, 
	"GRADE_VALUE" VARCHAR2(20 BYTE)
   ) SEGMENT CREATION IMMEDIATE 
  PCTFREE 10 PCTUSED 40 INITRANS 1 MAXTRANS 255 NOCOMPRESS LOGGING
  STORAGE(INITIAL 65536 NEXT 1048576 MINEXTENTS 1 MAXEXTENTS 2147483645
  PCTINCREASE 0 FREELISTS 1 FREELIST GROUPS 1 BUFFER_POOL DEFAULT FLASH_CACHE DEFAULT CELL_FLASH_CACHE DEFAULT)
  TABLESPACE "USERS" ;
--------------------------------------------------------
--  DDL for Table IMG
--------------------------------------------------------

  CREATE TABLE "IMG" 
   (	"FILENAME" VARCHAR2(200 BYTE), 
	"BNO" NUMBER, 
	"REGDATE" DATE DEFAULT sysdate
   ) SEGMENT CREATION IMMEDIATE 
  PCTFREE 10 PCTUSED 40 INITRANS 1 MAXTRANS 255 NOCOMPRESS LOGGING
  STORAGE(INITIAL 65536 NEXT 1048576 MINEXTENTS 1 MAXEXTENTS 2147483645
  PCTINCREASE 0 FREELISTS 1 FREELIST GROUPS 1 BUFFER_POOL DEFAULT FLASH_CACHE DEFAULT CELL_FLASH_CACHE DEFAULT)
  TABLESPACE "USERS" ;
--------------------------------------------------------
--  DDL for Table INSA1
--------------------------------------------------------

  CREATE TABLE "INSA1" 
   (	"U_ID" VARCHAR2(8 BYTE), 
	"NAME" VARCHAR2(20 BYTE), 
	"PASSWORD" VARCHAR2(20 BYTE), 
	"POSITION" VARCHAR2(4 BYTE), 
	"WORKPLACE" VARCHAR2(20 BYTE), 
	"ADDRESS" VARCHAR2(50 BYTE), 
	"BIRTHDAY" DATE, 
	"JOINDAY" DATE, 
	"WEDDINGDAY" DATE, 
	"NO" NUMBER(11,0)
   ) SEGMENT CREATION IMMEDIATE 
  PCTFREE 10 PCTUSED 40 INITRANS 1 MAXTRANS 255 NOCOMPRESS LOGGING
  STORAGE(INITIAL 65536 NEXT 1048576 MINEXTENTS 1 MAXEXTENTS 2147483645
  PCTINCREASE 0 FREELISTS 1 FREELIST GROUPS 1 BUFFER_POOL DEFAULT FLASH_CACHE DEFAULT CELL_FLASH_CACHE DEFAULT)
  TABLESPACE "USERS" ;
--------------------------------------------------------
--  DDL for Table MEMBER
--------------------------------------------------------

  CREATE TABLE "MEMBER" 
   (	"MEMBER_ID" VARCHAR2(20 BYTE), 
	"MEMBER_PW" VARCHAR2(2000 BYTE), 
	"MEMBER_NAME" VARCHAR2(20 BYTE), 
	"MEMBER_PNUM" VARCHAR2(20 BYTE), 
	"MEMBER_ADDRESS" VARCHAR2(50 BYTE), 
	"MEMBER_CASH" NUMBER(38,0) DEFAULT 0, 
	"MEMBER_POINT" NUMBER(38,0) DEFAULT 0, 
	"MEMBER_GRADE" NUMBER(10,0) DEFAULT 1, 
	"MEMBER_NUM" NUMBER(38,0), 
	"MEMBER_LATEST" VARCHAR2(30 BYTE) DEFAULT 'new'              --최근접속일

  
   ) SEGMENT CREATION IMMEDIATE 
  PCTFREE 10 PCTUSED 40 INITRANS 1 MAXTRANS 255 NOCOMPRESS LOGGING
  STORAGE(INITIAL 65536 NEXT 1048576 MINEXTENTS 1 MAXEXTENTS 2147483645
  PCTINCREASE 0 FREELISTS 1 FREELIST GROUPS 1 BUFFER_POOL DEFAULT FLASH_CACHE DEFAULT CELL_FLASH_CACHE DEFAULT)
  TABLESPACE "USERS" ;
--------------------------------------------------------
--  DDL for Table NOTICE
--------------------------------------------------------

  CREATE TABLE "NOTICE" 
   (	"NOTICE_UNINO" NUMBER, 
	"NOTICE_STATE" NUMBER DEFAULT 1, 
	"NOTICE_WRITER" VARCHAR2(40 BYTE), 
	"NOTICE_TIT" VARCHAR2(200 BYTE), 
	"NOTICE_DETAIL" VARCHAR2(4000 BYTE), 
	"NOTICE_FROM_DATE" DATE, 
	"NOTICE_TO_DATE" DATE, 
	"NOTICE_REG_DATE" DATE DEFAULT SYSDATE, 
	"NOTICE_UPDATE_DATE" DATE, 
	"NOTICE_DEL_DATE" DATE, 
	"NOTICE_VIEW" NUMBER DEFAULT 0                --조회수

  
   ) SEGMENT CREATION IMMEDIATE 
  PCTFREE 10 PCTUSED 40 INITRANS 1 MAXTRANS 255 NOCOMPRESS LOGGING
  STORAGE(INITIAL 65536 NEXT 1048576 MINEXTENTS 1 MAXEXTENTS 2147483645
  PCTINCREASE 0 FREELISTS 1 FREELIST GROUPS 1 BUFFER_POOL DEFAULT FLASH_CACHE DEFAULT CELL_FLASH_CACHE DEFAULT)
  TABLESPACE "USERS" ;
--------------------------------------------------------
--  DDL for Table PART
--------------------------------------------------------

  CREATE TABLE "PART" 
   (	"PARTCODE" VARCHAR2(4 BYTE), 
	"PARTNAME" VARCHAR2(20 BYTE)
   ) SEGMENT CREATION IMMEDIATE 
  PCTFREE 10 PCTUSED 40 INITRANS 1 MAXTRANS 255 NOCOMPRESS LOGGING
  STORAGE(INITIAL 65536 NEXT 1048576 MINEXTENTS 1 MAXEXTENTS 2147483645
  PCTINCREASE 0 FREELISTS 1 FREELIST GROUPS 1 BUFFER_POOL DEFAULT FLASH_CACHE DEFAULT CELL_FLASH_CACHE DEFAULT)
  TABLESPACE "USERS" ;
--------------------------------------------------------
--  DDL for Table PAYMENT
--------------------------------------------------------

  CREATE TABLE "PAYMENT" 
   (	"ONO" NUMBER, 
	"PAYTYPE" VARCHAR2(20 BYTE), 
	"PAYNO" VARCHAR2(30 BYTE), 
	"MONEY" NUMBER, 
	"SDATE" DATE, 
	"GCODE" VARCHAR2(2000 BYTE), 
	"AMOUNT" NUMBER, 
	"USERID" VARCHAR2(20 BYTE), 
	"RNAME" VARCHAR2(30 BYTE), 
	"TEL" VARCHAR2(20 BYTE), 
	"ADDR1" VARCHAR2(200 BYTE), 
	"ADDR2" VARCHAR2(100 BYTE), 
	"POSTCODE" VARCHAR2(10 BYTE), 
	"TRANSNO" VARCHAR2(50 BYTE), 
	"TRANSCO" VARCHAR2(50 BYTE), 
	"RSTATUS" VARCHAR2(20 BYTE), 
	"RDATE" DATE, 
	"MEMO" VARCHAR2(100 BYTE)
   ) SEGMENT CREATION IMMEDIATE 
  PCTFREE 10 PCTUSED 40 INITRANS 1 MAXTRANS 255 NOCOMPRESS LOGGING
  STORAGE(INITIAL 65536 NEXT 1048576 MINEXTENTS 1 MAXEXTENTS 2147483645
  PCTINCREASE 0 FREELISTS 1 FREELIST GROUPS 1 BUFFER_POOL DEFAULT FLASH_CACHE DEFAULT CELL_FLASH_CACHE DEFAULT)
  TABLESPACE "USERS" ;
--------------------------------------------------------
--  DDL for Table SALARIES
--------------------------------------------------------

  CREATE TABLE "SALARIES" 
   (	"EMP_NO" VARCHAR2(8 BYTE), 
	"SALARY" NUMBER(10,0), 
	"FROM_DATE" DATE, 
	"TO_DATE" DATE
   ) SEGMENT CREATION IMMEDIATE 
  PCTFREE 10 PCTUSED 40 INITRANS 1 MAXTRANS 255 NOCOMPRESS LOGGING
  STORAGE(INITIAL 65536 NEXT 1048576 MINEXTENTS 1 MAXEXTENTS 2147483645
  PCTINCREASE 0 FREELISTS 1 FREELIST GROUPS 1 BUFFER_POOL DEFAULT FLASH_CACHE DEFAULT CELL_FLASH_CACHE DEFAULT)
  TABLESPACE "USERS" ;
--------------------------------------------------------
--  DDL for Table SALGRADE
--------------------------------------------------------

  CREATE TABLE "SALGRADE" 
   (	"GRADE" NUMBER, 
	"LOSAL" NUMBER, 
	"HISAL" NUMBER
   ) SEGMENT CREATION IMMEDIATE 
  PCTFREE 10 PCTUSED 40 INITRANS 1 MAXTRANS 255 NOCOMPRESS LOGGING
  STORAGE(INITIAL 65536 NEXT 1048576 MINEXTENTS 1 MAXEXTENTS 2147483645
  PCTINCREASE 0 FREELISTS 1 FREELIST GROUPS 1 BUFFER_POOL DEFAULT FLASH_CACHE DEFAULT CELL_FLASH_CACHE DEFAULT)
  TABLESPACE "USERS" ;
--------------------------------------------------------
--  DDL for Table SAL_BONUS
--------------------------------------------------------

  CREATE TABLE "SAL_BONUS" 
   (	"EMP_NO" VARCHAR2(8 BYTE), 
	"SALARY" NUMBER(10,0), 
	"FROM_DATE" DATE, 
	"TO_DATE" DATE
   ) SEGMENT CREATION IMMEDIATE 
  PCTFREE 10 PCTUSED 40 INITRANS 1 MAXTRANS 255 NOCOMPRESS LOGGING
  STORAGE(INITIAL 65536 NEXT 1048576 MINEXTENTS 1 MAXEXTENTS 2147483645
  PCTINCREASE 0 FREELISTS 1 FREELIST GROUPS 1 BUFFER_POOL DEFAULT FLASH_CACHE DEFAULT CELL_FLASH_CACHE DEFAULT)
  TABLESPACE "USERS" ;
--------------------------------------------------------
--  DDL for Table SHOP
--------------------------------------------------------

  CREATE TABLE "SHOP" 
   (	"SHOP_NUM" NUMBER(38,0), 
	"SHOP_TIT" VARCHAR2(50 BYTE), 
	"SHOP_DETAIL" VARCHAR2(200 BYTE), 
	"SHOP_PRICE" NUMBER(38,0), 
	"SHOP_QUANTITY" NUMBER(38,0), 
	"SHOP_IMG1" VARCHAR2(50 BYTE), 
	"SHOP_IMG2" VARCHAR2(50 BYTE), 
	"SHOP_IMG3" VARCHAR2(50 BYTE), 
	"SHOP_IMG4" VARCHAR2(50 BYTE)
   ) SEGMENT CREATION IMMEDIATE 
  PCTFREE 10 PCTUSED 40 INITRANS 1 MAXTRANS 255 NOCOMPRESS LOGGING
  STORAGE(INITIAL 65536 NEXT 1048576 MINEXTENTS 1 MAXEXTENTS 2147483645
  PCTINCREASE 0 FREELISTS 1 FREELIST GROUPS 1 BUFFER_POOL DEFAULT FLASH_CACHE DEFAULT CELL_FLASH_CACHE DEFAULT)
  TABLESPACE "USERS" ;
--------------------------------------------------------
--  DDL for Table SHOP_ADMIN
--------------------------------------------------------

  CREATE TABLE "SHOP_ADMIN" 
   (	"SHOP_ADMIN_NUM" NUMBER(38,0), 
	"SHOP_ADMIN_SNUM" NUMBER(38,0), 
	"SHOP_ADMIN_ORDERER" VARCHAR2(20 BYTE), 
	"SHOP_ADMIN_QUANTITY" NUMBER(38,0), 
	"SHOP_ADMIN_PRICE" NUMBER(38,0), 
	"SHOP_ADMIN_RIDER" VARCHAR2(20 BYTE)
   ) SEGMENT CREATION IMMEDIATE 
  PCTFREE 10 PCTUSED 40 INITRANS 1 MAXTRANS 255 NOCOMPRESS LOGGING
  STORAGE(INITIAL 65536 NEXT 1048576 MINEXTENTS 1 MAXEXTENTS 2147483645
  PCTINCREASE 0 FREELISTS 1 FREELIST GROUPS 1 BUFFER_POOL DEFAULT FLASH_CACHE DEFAULT CELL_FLASH_CACHE DEFAULT)
  TABLESPACE "USERS" ;
--------------------------------------------------------
--  DDL for Table SHOP_BOARD
--------------------------------------------------------

  CREATE TABLE "SHOP_BOARD" 
   (	"NO" NUMBER, 
	"TIT" VARCHAR2(200 BYTE), 
	"CON" VARCHAR2(2000 BYTE), 
	"WRITER" VARCHAR2(200 BYTE), 
	"REGDATE" DATE DEFAULT sysdate, 
	"VIEWED" NUMBER DEFAULT 0, 
	"THUMB" NUMBER DEFAULT 0, 
	"LOCK_POST" NUMBER DEFAULT 1
   ) SEGMENT CREATION IMMEDIATE 
  PCTFREE 10 PCTUSED 40 INITRANS 1 MAXTRANS 255 NOCOMPRESS LOGGING
  STORAGE(INITIAL 65536 NEXT 1048576 MINEXTENTS 1 MAXEXTENTS 2147483645
  PCTINCREASE 0 FREELISTS 1 FREELIST GROUPS 1 BUFFER_POOL DEFAULT FLASH_CACHE DEFAULT CELL_FLASH_CACHE DEFAULT)
  TABLESPACE "USERS" ;
--------------------------------------------------------
--  DDL for Table SHOP_CCODE
--------------------------------------------------------

  CREATE TABLE "SHOP_CCODE" 
   (	"CCODE" VARCHAR2(20 BYTE), 
	"CCODE_RES" VARCHAR2(50 BYTE)
   ) SEGMENT CREATION IMMEDIATE 
  PCTFREE 10 PCTUSED 40 INITRANS 1 MAXTRANS 255 NOCOMPRESS LOGGING
  STORAGE(INITIAL 65536 NEXT 1048576 MINEXTENTS 1 MAXEXTENTS 2147483645
  PCTINCREASE 0 FREELISTS 1 FREELIST GROUPS 1 BUFFER_POOL DEFAULT FLASH_CACHE DEFAULT CELL_FLASH_CACHE DEFAULT)
  TABLESPACE "USERS" ;
--------------------------------------------------------
--  DDL for Table SHOP_DCODE
--------------------------------------------------------

  CREATE TABLE "SHOP_DCODE" 
   (	"DCODE" VARCHAR2(20 BYTE), 
	"DCODE_RES" VARCHAR2(50 BYTE)
   ) SEGMENT CREATION IMMEDIATE 
  PCTFREE 10 PCTUSED 40 INITRANS 1 MAXTRANS 255 NOCOMPRESS LOGGING
  STORAGE(INITIAL 65536 NEXT 1048576 MINEXTENTS 1 MAXEXTENTS 2147483645
  PCTINCREASE 0 FREELISTS 1 FREELIST GROUPS 1 BUFFER_POOL DEFAULT FLASH_CACHE DEFAULT CELL_FLASH_CACHE DEFAULT)
  TABLESPACE "USERS" ;
--------------------------------------------------------
--  DDL for Table SHOP_MEMBER
--------------------------------------------------------

  CREATE TABLE "SHOP_MEMBER" 
   (	"MNO" NUMBER, 
	"MID" VARCHAR2(100 BYTE), 
	"MPW" VARCHAR2(2000 BYTE), 
	"MNAME" VARCHAR2(20 BYTE), 
	"MTEL" VARCHAR2(50 BYTE), 
	"MADDRESS" VARCHAR2(200 BYTE), 
	"MEMAIL" VARCHAR2(100 BYTE), 
	"MNICK" VARCHAR2(50 BYTE), 
	"MCASH" NUMBER DEFAULT 0, 
	"MPOINT" NUMBER DEFAULT 0, 
	"MGRADE" NUMBER DEFAULT 1, 
	"MJDAY" DATE DEFAULT sysdate, 
	"MLATEST" DATE DEFAULT sysdate
   ) SEGMENT CREATION IMMEDIATE 
  PCTFREE 10 PCTUSED 40 INITRANS 1 MAXTRANS 255 NOCOMPRESS LOGGING
  STORAGE(INITIAL 65536 NEXT 1048576 MINEXTENTS 1 MAXEXTENTS 2147483645
  PCTINCREASE 0 FREELISTS 1 FREELIST GROUPS 1 BUFFER_POOL DEFAULT FLASH_CACHE DEFAULT CELL_FLASH_CACHE DEFAULT)
  TABLESPACE "USERS" ;
--------------------------------------------------------
--  DDL for Table SHOP_ORDER
--------------------------------------------------------

  CREATE TABLE "SHOP_ORDER" 
   (	"ORDER_SEQ" NUMBER, 
	"ORDER_STATE" NUMBER, 
	"ORDER_PAY_STATE" NUMBER, 
	"ORDER_NO" NUMBER, 
	"DELIVERY_USER_NAME" VARCHAR2(20 BYTE), 
	"DELIVERY_CELLPHONE" VARCHAR2(15 BYTE), 
	"DELIVERY_ZIP_CODE" VARCHAR2(50 BYTE), 
	"DELIVERY_ADDRESS" VARCHAR2(200 BYTE), 
	"DELIVERY_ADDRESS_DETAILS" VARCHAR2(200 BYTE), 
	"ORDER_EMAIL" VARCHAR2(200 BYTE), 
	"USER_ID" VARCHAR2(40 BYTE), 
	"GTOTAL" NUMBER, 
	"REGDATE" DATE
   ) SEGMENT CREATION IMMEDIATE 
  PCTFREE 10 PCTUSED 40 INITRANS 1 MAXTRANS 255 NOCOMPRESS LOGGING
  STORAGE(INITIAL 65536 NEXT 1048576 MINEXTENTS 1 MAXEXTENTS 2147483645
  PCTINCREASE 0 FREELISTS 1 FREELIST GROUPS 1 BUFFER_POOL DEFAULT FLASH_CACHE DEFAULT CELL_FLASH_CACHE DEFAULT)
  TABLESPACE "USERS" ;
--------------------------------------------------------
--  DDL for Table SHOP_ORDER_LINE
--------------------------------------------------------

  CREATE TABLE "SHOP_ORDER_LINE" 
   (	"ORDER_LINE_SEQ" NUMBER, 
	"ORDER_NO" NUMBER, 
	"GCODE" VARCHAR2(40 BYTE), 
	"GQTY" NUMBER
   ) SEGMENT CREATION IMMEDIATE 
  PCTFREE 10 PCTUSED 40 INITRANS 1 MAXTRANS 255 NOCOMPRESS LOGGING
  STORAGE(INITIAL 65536 NEXT 1048576 MINEXTENTS 1 MAXEXTENTS 2147483645
  PCTINCREASE 0 FREELISTS 1 FREELIST GROUPS 1 BUFFER_POOL DEFAULT FLASH_CACHE DEFAULT CELL_FLASH_CACHE DEFAULT)
  TABLESPACE "USERS" ;
--------------------------------------------------------
--  DDL for Table SPOT
--------------------------------------------------------

  CREATE TABLE "SPOT" 
   (	"POSITION" VARCHAR2(4 BYTE), 
	"P_NAME" VARCHAR2(20 BYTE)
   ) SEGMENT CREATION IMMEDIATE 
  PCTFREE 10 PCTUSED 40 INITRANS 1 MAXTRANS 255 NOCOMPRESS LOGGING
  STORAGE(INITIAL 65536 NEXT 1048576 MINEXTENTS 1 MAXEXTENTS 2147483645
  PCTINCREASE 0 FREELISTS 1 FREELIST GROUPS 1 BUFFER_POOL DEFAULT FLASH_CACHE DEFAULT CELL_FLASH_CACHE DEFAULT)
  TABLESPACE "USERS" ;
--------------------------------------------------------
--  DDL for Table TOUR_BOARD
--------------------------------------------------------

  CREATE TABLE "TOUR_BOARD" 
   (	"TOUR_BOARD_NUM" NUMBER(38,0), 
	"TOUR_BOARD_PIDNO" VARCHAR2(50 BYTE), 
	"TOUR_BOARD_TIT" VARCHAR2(100 BYTE), 
	"TOUR_BOARD_DETAIL" VARCHAR2(2000 BYTE), 
	"TOUR_BOARD_WRITER" VARCHAR2(50 BYTE), 
	"TOUR_BOARD_CDATE" DATE DEFAULT SYSDATE, 
	"TOUR_BOARD_VIEWS" NUMBER DEFAULT 0, 
	"TOUR_BOARD_THUMB" NUMBER DEFAULT 0, 
	"TOUR_BOARD_IMG1" VARCHAR2(50 BYTE), 
	"TOUR_BOARD_IMG2" VARCHAR2(50 BYTE), 
	"TOUR_BOARD_IMG3" VARCHAR2(50 BYTE), 
	"TOUR_BOARD_IMG4" VARCHAR2(50 BYTE), 
	"TOUR_BOARD_ADDRESS" VARCHAR2(200 BYTE), 
	"TOUR_BOARD_TEL" VARCHAR2(200 BYTE)
   ) SEGMENT CREATION IMMEDIATE 
  PCTFREE 10 PCTUSED 40 INITRANS 1 MAXTRANS 255 NOCOMPRESS LOGGING
  STORAGE(INITIAL 65536 NEXT 1048576 MINEXTENTS 1 MAXEXTENTS 2147483645
  PCTINCREASE 0 FREELISTS 1 FREELIST GROUPS 1 BUFFER_POOL DEFAULT FLASH_CACHE DEFAULT CELL_FLASH_CACHE DEFAULT)
  TABLESPACE "USERS" ;
--------------------------------------------------------
--  DDL for Table TOUR_CCODE
--------------------------------------------------------

  CREATE TABLE "TOUR_CCODE" 
   (	"CCODE" VARCHAR2(2 BYTE), 
	"CCODE_RES" VARCHAR2(50 BYTE)
   ) SEGMENT CREATION IMMEDIATE 
  PCTFREE 10 PCTUSED 40 INITRANS 1 MAXTRANS 255 NOCOMPRESS LOGGING
  STORAGE(INITIAL 65536 NEXT 1048576 MINEXTENTS 1 MAXEXTENTS 2147483645
  PCTINCREASE 0 FREELISTS 1 FREELIST GROUPS 1 BUFFER_POOL DEFAULT FLASH_CACHE DEFAULT CELL_FLASH_CACHE DEFAULT)
  TABLESPACE "USERS" ;
--------------------------------------------------------
--  DDL for Table TOUR_COMMENT
--------------------------------------------------------

  CREATE TABLE "TOUR_COMMENT" 
   (	"TOUR_COMMENT_UNINUM" NUMBER, 
	"TOUR_COMMENT_BNUM" NUMBER, 
	"TOUR_COMMENT_TIT" VARCHAR2(200 BYTE), 
	"TOUR_COMMENT_NAME" VARCHAR2(20 BYTE), 
	"TOUR_COMMENT_TDATE" VARCHAR2(30 BYTE), 
	"TOUR_COMMENT_THUMB" NUMBER DEFAULT 0, 
	"TOUR_COMMENT_DETAIL" VARCHAR2(4000 BYTE)
   ) SEGMENT CREATION IMMEDIATE 
  PCTFREE 10 PCTUSED 40 INITRANS 1 MAXTRANS 255 NOCOMPRESS LOGGING
  STORAGE(INITIAL 65536 NEXT 1048576 MINEXTENTS 1 MAXEXTENTS 2147483645
  PCTINCREASE 0 FREELISTS 1 FREELIST GROUPS 1 BUFFER_POOL DEFAULT FLASH_CACHE DEFAULT CELL_FLASH_CACHE DEFAULT)
  TABLESPACE "USERS" ;
--------------------------------------------------------
--  DDL for Table TOUR_DCODE
--------------------------------------------------------

  CREATE TABLE "TOUR_DCODE" 
   (	"DCODE" VARCHAR2(10 BYTE), 
	"DCODE_RES" VARCHAR2(50 BYTE)
   ) SEGMENT CREATION IMMEDIATE 
  PCTFREE 10 PCTUSED 40 INITRANS 1 MAXTRANS 255 NOCOMPRESS LOGGING
  STORAGE(INITIAL 65536 NEXT 1048576 MINEXTENTS 1 MAXEXTENTS 2147483645
  PCTINCREASE 0 FREELISTS 1 FREELIST GROUPS 1 BUFFER_POOL DEFAULT FLASH_CACHE DEFAULT CELL_FLASH_CACHE DEFAULT)
  TABLESPACE "USERS" ;
--------------------------------------------------------
--  DDL for Table TOUR_VIEW
--------------------------------------------------------

  CREATE TABLE "TOUR_VIEW" 
   (	"TOUR_ID" VARCHAR2(20 BYTE), 
	"TOUR_NUM" NUMBER, 
	"TOUR_NAME" VARCHAR2(200 BYTE), 
	"TOUR_ADDRESS" VARCHAR2(200 BYTE), 
	"TOUR_TEL" VARCHAR2(200 BYTE), 
	"TOUR_IMG1" VARCHAR2(200 BYTE) DEFAULT 'none', 
	"TOUR_IMG2" VARCHAR2(200 BYTE) DEFAULT 'none', 
	"TOUR_IMG3" VARCHAR2(200 BYTE) DEFAULT 'none', 
	"TOUR_IMG4" VARCHAR2(200 BYTE) DEFAULT 'none'
   ) SEGMENT CREATION IMMEDIATE 
  PCTFREE 10 PCTUSED 40 INITRANS 1 MAXTRANS 255 NOCOMPRESS LOGGING
  STORAGE(INITIAL 65536 NEXT 1048576 MINEXTENTS 1 MAXEXTENTS 2147483645
  PCTINCREASE 0 FREELISTS 1 FREELIST GROUPS 1 BUFFER_POOL DEFAULT FLASH_CACHE DEFAULT CELL_FLASH_CACHE DEFAULT)
  TABLESPACE "USERS" ;
REM INSERTING into BASKET
SET DEFINE OFF;
Insert into BASKET (BNO,GCODE,BAMOUNT,USERID,BDATE) values (1,'A110003',3,'admin','22/06/03');
REM INSERTING into BONUS
SET DEFINE OFF;
REM INSERTING into DB_ACCESS
SET DEFINE OFF;
REM INSERTING into DEPT
SET DEFINE OFF;
Insert into DEPT (DEPTNO,DNAME,LOC) values (10,'ACCOUNTING','NEW YORK');
Insert into DEPT (DEPTNO,DNAME,LOC) values (20,'RESEARCH','DALLAS');
Insert into DEPT (DEPTNO,DNAME,LOC) values (30,'SALES','CHICAGO');
Insert into DEPT (DEPTNO,DNAME,LOC) values (40,'OPERATIONS','BOSTON');
REM INSERTING into EMP
SET DEFINE OFF;
Insert into EMP (EMPNO,ENAME,JOB,MGR,HIREDATE,SAL,COMM,DEPTNO) values (7369,'SMITH','CLERK',7902,to_date('80/12/17','RR/MM/DD'),800,null,20);
Insert into EMP (EMPNO,ENAME,JOB,MGR,HIREDATE,SAL,COMM,DEPTNO) values (7499,'ALLEN','SALESMAN',7698,to_date('81/02/20','RR/MM/DD'),1600,300,30);
Insert into EMP (EMPNO,ENAME,JOB,MGR,HIREDATE,SAL,COMM,DEPTNO) values (7521,'WARD','SALESMAN',7698,to_date('81/02/22','RR/MM/DD'),1250,500,30);
Insert into EMP (EMPNO,ENAME,JOB,MGR,HIREDATE,SAL,COMM,DEPTNO) values (7566,'JONES','MANAGER',7839,to_date('81/04/02','RR/MM/DD'),2975,null,20);
Insert into EMP (EMPNO,ENAME,JOB,MGR,HIREDATE,SAL,COMM,DEPTNO) values (7654,'MARTIN','SALESMAN',7698,to_date('81/09/28','RR/MM/DD'),1250,1400,30);
Insert into EMP (EMPNO,ENAME,JOB,MGR,HIREDATE,SAL,COMM,DEPTNO) values (7698,'BLAKE','MANAGER',7839,to_date('81/05/01','RR/MM/DD'),2850,null,30);
Insert into EMP (EMPNO,ENAME,JOB,MGR,HIREDATE,SAL,COMM,DEPTNO) values (7782,'CLARK','MANAGER',7839,to_date('81/06/09','RR/MM/DD'),2450,null,10);
Insert into EMP (EMPNO,ENAME,JOB,MGR,HIREDATE,SAL,COMM,DEPTNO) values (7839,'KING','PRESIDENT',null,to_date('81/11/17','RR/MM/DD'),5000,null,10);
Insert into EMP (EMPNO,ENAME,JOB,MGR,HIREDATE,SAL,COMM,DEPTNO) values (7844,'TURNER','SALESMAN',7698,to_date('81/09/08','RR/MM/DD'),1500,0,30);
Insert into EMP (EMPNO,ENAME,JOB,MGR,HIREDATE,SAL,COMM,DEPTNO) values (7900,'JAMES','CLERK',7698,to_date('81/12/03','RR/MM/DD'),950,null,30);
Insert into EMP (EMPNO,ENAME,JOB,MGR,HIREDATE,SAL,COMM,DEPTNO) values (7902,'FORD','ANALYST',7566,to_date('81/12/03','RR/MM/DD'),3000,null,20);
Insert into EMP (EMPNO,ENAME,JOB,MGR,HIREDATE,SAL,COMM,DEPTNO) values (7934,'MILLER','CLERK',7782,to_date('82/01/23','RR/MM/DD'),1300,null,10);
REM INSERTING into EMPLOYEES
SET DEFINE OFF;
Insert into EMPLOYEES (U_ID,NAME,PASSWORD,POSITION,WORKPLACE,ADDRESS,BIRTHDAY,JOINDAY,WEDDINGDAY,NO) values ('A1001','길정훈','a1234','A','서울','화정동 912',to_date('79/12/25','RR/MM/DD'),to_date('03/02/17','RR/MM/DD'),null,1);
Insert into EMPLOYEES (U_ID,NAME,PASSWORD,POSITION,WORKPLACE,ADDRESS,BIRTHDAY,JOINDAY,WEDDINGDAY,NO) values ('A1002','김동엽','a3421','B','일산','창신동 128',to_date('87/01/08','RR/MM/DD'),to_date('10/02/28','RR/MM/DD'),to_date('15/02/28','RR/MM/DD'),2);
Insert into EMPLOYEES (U_ID,NAME,PASSWORD,POSITION,WORKPLACE,ADDRESS,BIRTHDAY,JOINDAY,WEDDINGDAY,NO) values ('B1003','김성민','b1111','B','강남','창릉동 1004',to_date('84/09/23','RR/MM/DD'),to_date('07/11/15','RR/MM/DD'),to_date('13/11/15','RR/MM/DD'),3);
Insert into EMPLOYEES (U_ID,NAME,PASSWORD,POSITION,WORKPLACE,ADDRESS,BIRTHDAY,JOINDAY,WEDDINGDAY,NO) values ('B1004','김예은','c456','D','대전','장항동 1512',to_date('00/08/04','RR/MM/DD'),to_date('21/09/26','RR/MM/DD'),null,4);
Insert into EMPLOYEES (U_ID,NAME,PASSWORD,POSITION,WORKPLACE,ADDRESS,BIRTHDAY,JOINDAY,WEDDINGDAY,NO) values ('C1005','김준호','z675','C','대구','행신동 67',to_date('94/11/13','RR/MM/DD'),to_date('18/01/05','RR/MM/DD'),null,5);
Insert into EMPLOYEES (U_ID,NAME,PASSWORD,POSITION,WORKPLACE,ADDRESS,BIRTHDAY,JOINDAY,WEDDINGDAY,NO) values ('C1006','김태균','q789','A','부산','도내동 13',to_date('80/08/19','RR/MM/DD'),to_date('03/10/11','RR/MM/DD'),to_date('09/10/11','RR/MM/DD'),6);
Insert into EMPLOYEES (U_ID,NAME,PASSWORD,POSITION,WORKPLACE,ADDRESS,BIRTHDAY,JOINDAY,WEDDINGDAY,NO) values ('D1007','김효민','g478','B','광주','성사동 178',to_date('83/07/07','RR/MM/DD'),to_date('06/08/30','RR/MM/DD'),to_date('12/08/30','RR/MM/DD'),7);
Insert into EMPLOYEES (U_ID,NAME,PASSWORD,POSITION,WORKPLACE,ADDRESS,BIRTHDAY,JOINDAY,WEDDINGDAY,NO) values ('D1008','신길호','d666','C','전주','원흥동 75',to_date('96/09/04','RR/MM/DD'),to_date('19/10/27','RR/MM/DD'),null,8);
Insert into EMPLOYEES (U_ID,NAME,PASSWORD,POSITION,WORKPLACE,ADDRESS,BIRTHDAY,JOINDAY,WEDDINGDAY,NO) values ('E1009','여승원','e964','A','제주','백석동 777',to_date('81/03/05','RR/MM/DD'),to_date('04/04/27','RR/MM/DD'),null,9);
Insert into EMPLOYEES (U_ID,NAME,PASSWORD,POSITION,WORKPLACE,ADDRESS,BIRTHDAY,JOINDAY,WEDDINGDAY,NO) values ('E1010','이규진','h369','D','강릉','마두동 888',to_date('01/04/27','RR/MM/DD'),to_date('21/06/19','RR/MM/DD'),null,10);
REM INSERTING into GOODS
SET DEFINE OFF;
Insert into GOODS (GCODE,GNO,GNAME,GDETAIL,GIMAGE,GPRICE,GAMOUNT,GOPTION,GOPTION2,GSIZE) values ('A110002',7,'하프루어 슬랩스틱','4.2인치│107mm 8.3g 웜이 미노우로 진화하다','0190250012613.jpg',7000,99,'1','0','0');
Insert into GOODS (GCODE,GNO,GNAME,GDETAIL,GIMAGE,GPRICE,GAMOUNT,GOPTION,GOPTION2,GSIZE) values ('A110001',6,'요시카와 야마데스 WD110 4인치 5.6g 소프트루어웜','4인치│110mm 5.6g 10PCS','019025000143.jpg',1600,99,'1','0','0');
Insert into GOODS (GCODE,GNO,GNAME,GDETAIL,GIMAGE,GPRICE,GAMOUNT,GOPTION,GOPTION2,GSIZE) values ('A110004',9,'레이드재팬 팻 휩 크로울러 5인치 소프트루어웜','소프트루어웜│5인치','019025001283.jpg',9600,0,'1','0','0');
Insert into GOODS (GCODE,GNO,GNAME,GDETAIL,GIMAGE,GPRICE,GAMOUNT,GOPTION,GOPTION2,GSIZE) values ('A120001',10,'다솔라이징 5 12g 탑워터 플로팅','탑워터│90mm 12g F','019026001023.jpg',3800,100,'1','0','0');
Insert into GOODS (GCODE,GNO,GNAME,GDETAIL,GIMAGE,GPRICE,GAMOUNT,GOPTION,GOPTION2,GSIZE) values ('A120002',11,'레이드재팬 레벨 쉐드 크랭크 하드베이트','크랭크│50.3mm 4.3g / 서스펜드','019026001666.jpg',18600,100,'1','0','0');
Insert into GOODS (GCODE,GNO,GNAME,GDETAIL,GIMAGE,GPRICE,GAMOUNT,GOPTION,GOPTION2,GSIZE) values ('A120003',12,'베이비페이스 BB180-SF 배스 스웜베이트','스윔베이트│180mm 80g / 슬로우 플로팅','019026001658.jpg',35200,90,'1','0','0');
Insert into GOODS (GCODE,GNO,GNAME,GDETAIL,GIMAGE,GPRICE,GAMOUNT,GOPTION,GOPTION2,GSIZE) values ('A130001',13,'하프루어 쁘록 17 프로그 플로팅 개구리루어','프로그│약60mm 14.5g / 플로팅','019034000114.jpg',8000,100,'1','0','0');
Insert into GOODS (GCODE,GNO,GNAME,GDETAIL,GIMAGE,GPRICE,GAMOUNT,GOPTION,GOPTION2,GSIZE) values ('A130002',14,'워터맨 패들프로그 개구리루어 배스낚시','프로그│65mm 18.7g / 탑워터','019034000119.jpg',8000,100,'1','0','0');
Insert into GOODS (GCODE,GNO,GNAME,GDETAIL,GIMAGE,GPRICE,GAMOUNT,GOPTION,GOPTION2,GSIZE) values ('A140001',16,'하프루어 배스피나 롱캐스트 스피너베이트','스피너베이트│더블윌로우 3/8oz 1/2oz','019031000262.jpg',5000,100,'1','0','0');
Insert into GOODS (GCODE,GNO,GNAME,GDETAIL,GIMAGE,GPRICE,GAMOUNT,GOPTION,GOPTION2,GSIZE) values ('A140002',17,'A3 스커트 슈더 스핀 스피너베이트 싱글윌로우','에이쓰리','019031000265.jpg',5500,100,'1','0','0');
Insert into GOODS (GCODE,GNO,GNAME,GDETAIL,GIMAGE,GPRICE,GAMOUNT,GOPTION,GOPTION2,GSIZE) values ('A140003',18,'스톡 스피너베이트 (STOCK SPINNER BAIT) 1/2oz','스톡','019031000215.jpg',1900,99,'1','0','0');
Insert into GOODS (GCODE,GNO,GNAME,GDETAIL,GIMAGE,GPRICE,GAMOUNT,GOPTION,GOPTION2,GSIZE) values ('tk123',5,'태균이 1일 이용권','한정판매','charcol.png',500,1,'1','2','3');
Insert into GOODS (GCODE,GNO,GNAME,GDETAIL,GIMAGE,GPRICE,GAMOUNT,GOPTION,GOPTION2,GSIZE) values ('A110003',8,'사와무라 원업쉐드 5인치 배스 소프트루어웜','5인치│127mm','019025000130.jpg',7600,99,'1','0','0');
Insert into GOODS (GCODE,GNO,GNAME,GDETAIL,GIMAGE,GPRICE,GAMOUNT,GOPTION,GOPTION2,GSIZE) values ('A130003',15,'스미스 글로사 아거스 프로그 개구리루어','프로그│79mm 18.5g','019034000125.jpg',16000,100,'1','0','0');
REM INSERTING into GRADE
SET DEFINE OFF;
Insert into GRADE (MGRADE,GRADE_VALUE) values (1,'일반회원');
Insert into GRADE (MGRADE,GRADE_VALUE) values (2,'우수회원');
Insert into GRADE (MGRADE,GRADE_VALUE) values (3,'VIP회원');
Insert into GRADE (MGRADE,GRADE_VALUE) values (4,'운영진');
Insert into GRADE (MGRADE,GRADE_VALUE) values (5,'최고관리자');
REM INSERTING into IMG
SET DEFINE OFF;
Insert into IMG (FILENAME,BNO,REGDATE) values ('이미지경로입니다.',1,to_date('22/05/10','RR/MM/DD'));
REM INSERTING into INSA1
SET DEFINE OFF;
Insert into INSA1 (U_ID,NAME,PASSWORD,POSITION,WORKPLACE,ADDRESS,BIRTHDAY,JOINDAY,WEDDINGDAY,NO) values ('A1001','길정훈','a1234','A','서울','화정동 912',to_date('79/12/25','RR/MM/DD'),to_date('03/02/17','RR/MM/DD'),null,1);
Insert into INSA1 (U_ID,NAME,PASSWORD,POSITION,WORKPLACE,ADDRESS,BIRTHDAY,JOINDAY,WEDDINGDAY,NO) values ('A1002','김동엽','a3421','B','일산','창신동 128',to_date('87/01/08','RR/MM/DD'),to_date('10/02/28','RR/MM/DD'),to_date('15/02/28','RR/MM/DD'),2);
Insert into INSA1 (U_ID,NAME,PASSWORD,POSITION,WORKPLACE,ADDRESS,BIRTHDAY,JOINDAY,WEDDINGDAY,NO) values ('B1003','김성민','b1111','B','강남','창릉동 1004',to_date('84/09/23','RR/MM/DD'),to_date('07/11/15','RR/MM/DD'),to_date('13/11/15','RR/MM/DD'),3);
Insert into INSA1 (U_ID,NAME,PASSWORD,POSITION,WORKPLACE,ADDRESS,BIRTHDAY,JOINDAY,WEDDINGDAY,NO) values ('B1004','김예은','c456','D','대전','장항동 1512',to_date('00/08/04','RR/MM/DD'),to_date('21/09/26','RR/MM/DD'),null,4);
Insert into INSA1 (U_ID,NAME,PASSWORD,POSITION,WORKPLACE,ADDRESS,BIRTHDAY,JOINDAY,WEDDINGDAY,NO) values ('C1005','김준호','z675','C','대구','행신동 67',to_date('94/11/13','RR/MM/DD'),to_date('18/01/05','RR/MM/DD'),null,5);
Insert into INSA1 (U_ID,NAME,PASSWORD,POSITION,WORKPLACE,ADDRESS,BIRTHDAY,JOINDAY,WEDDINGDAY,NO) values ('C1006','김태균','q789','A','부산','도내동 13',to_date('80/08/19','RR/MM/DD'),to_date('03/10/11','RR/MM/DD'),to_date('09/10/11','RR/MM/DD'),6);
Insert into INSA1 (U_ID,NAME,PASSWORD,POSITION,WORKPLACE,ADDRESS,BIRTHDAY,JOINDAY,WEDDINGDAY,NO) values ('D1007','김효민','g478','B','광주','성사동 178',to_date('83/07/07','RR/MM/DD'),to_date('06/08/30','RR/MM/DD'),to_date('12/08/30','RR/MM/DD'),7);
Insert into INSA1 (U_ID,NAME,PASSWORD,POSITION,WORKPLACE,ADDRESS,BIRTHDAY,JOINDAY,WEDDINGDAY,NO) values ('D1008','신길호','d666','C','전주','원흥동 75',to_date('96/09/04','RR/MM/DD'),to_date('19/10/27','RR/MM/DD'),null,8);
Insert into INSA1 (U_ID,NAME,PASSWORD,POSITION,WORKPLACE,ADDRESS,BIRTHDAY,JOINDAY,WEDDINGDAY,NO) values ('E1009','여승원','e964','A','제주','백석동 777',to_date('81/03/05','RR/MM/DD'),to_date('04/04/27','RR/MM/DD'),null,9);
Insert into INSA1 (U_ID,NAME,PASSWORD,POSITION,WORKPLACE,ADDRESS,BIRTHDAY,JOINDAY,WEDDINGDAY,NO) values ('E1010','이규진','h369','D','강릉','마두동 888',to_date('01/04/27','RR/MM/DD'),to_date('21/06/19','RR/MM/DD'),null,10);
REM INSERTING into MEMBER
SET DEFINE OFF;
Insert into MEMBER (MEMBER_ID,MEMBER_PW,MEMBER_NAME,MEMBER_PNUM,MEMBER_ADDRESS,MEMBER_CASH,MEMBER_POINT,MEMBER_GRADE,MEMBER_NUM,MEMBER_LATEST) values ('tttest','03ac674216f3e15c761ee1a5e255f067953623c8b388b4459e13f978d7c846f4','ㅇㅇㅇ','ㅇㅇㅇ','ㅇㅇㅇ',0,0,1,9,'new');
Insert into MEMBER (MEMBER_ID,MEMBER_PW,MEMBER_NAME,MEMBER_PNUM,MEMBER_ADDRESS,MEMBER_CASH,MEMBER_POINT,MEMBER_GRADE,MEMBER_NUM,MEMBER_LATEST) values ('test7','c1f330d0aff31c1c87403f1e4347bcc21aff7c179908723535f2b31723702525','dddd','dddd','ddd',0,0,1,28,'new');
Insert into MEMBER (MEMBER_ID,MEMBER_PW,MEMBER_NAME,MEMBER_PNUM,MEMBER_ADDRESS,MEMBER_CASH,MEMBER_POINT,MEMBER_GRADE,MEMBER_NUM,MEMBER_LATEST) values ('admin','03ac674216f3e15c761ee1a5e255f067953623c8b388b4459e13f978d7c846f4','관리자','010-0000-0000','관리자 주소',0,0,1,9,'new');
Insert into MEMBER (MEMBER_ID,MEMBER_PW,MEMBER_NAME,MEMBER_PNUM,MEMBER_ADDRESS,MEMBER_CASH,MEMBER_POINT,MEMBER_GRADE,MEMBER_NUM,MEMBER_LATEST) values ('testuser1','a665a45920422f9d417e4867efdc4fb8a04a1f3fff1fa07e998e86f7f7a27ae3','홍길동','010-0000-0000','파주123',0,0,1,10,'new');
Insert into MEMBER (MEMBER_ID,MEMBER_PW,MEMBER_NAME,MEMBER_PNUM,MEMBER_ADDRESS,MEMBER_CASH,MEMBER_POINT,MEMBER_GRADE,MEMBER_NUM,MEMBER_LATEST) values ('admin2','03ac674216f3e15c761ee1a5e255f067953623c8b388b4459e13f978d7c846f4','어드민2','010-2222-2222','강남',0,0,1,37,'new');
Insert into MEMBER (MEMBER_ID,MEMBER_PW,MEMBER_NAME,MEMBER_PNUM,MEMBER_ADDRESS,MEMBER_CASH,MEMBER_POINT,MEMBER_GRADE,MEMBER_NUM,MEMBER_LATEST) values ('testst','03ac674216f3e15c761ee1a5e255f067953623c8b388b4459e13f978d7c846f4','테스트','테스트','테스트',0,0,1,33,'new');
Insert into MEMBER (MEMBER_ID,MEMBER_PW,MEMBER_NAME,MEMBER_PNUM,MEMBER_ADDRESS,MEMBER_CASH,MEMBER_POINT,MEMBER_GRADE,MEMBER_NUM,MEMBER_LATEST) values ('ㅁㄴㄻㄴㄹ','96cae35ce8a9b0244178bf28e4966c2ce1b8385723a96a6b838858cdd6ca0a1e','123123','123','123123',0,0,1,34,'new');
Insert into MEMBER (MEMBER_ID,MEMBER_PW,MEMBER_NAME,MEMBER_PNUM,MEMBER_ADDRESS,MEMBER_CASH,MEMBER_POINT,MEMBER_GRADE,MEMBER_NUM,MEMBER_LATEST) values ('test','03ac674216f3e15c761ee1a5e255f067953623c8b388b4459e13f978d7c846f4','테스트','010-4191-1611','파주1244',0,0,1,20,'new');
Insert into MEMBER (MEMBER_ID,MEMBER_PW,MEMBER_NAME,MEMBER_PNUM,MEMBER_ADDRESS,MEMBER_CASH,MEMBER_POINT,MEMBER_GRADE,MEMBER_NUM,MEMBER_LATEST) values ('aaaa','03ac674216f3e15c761ee1a5e255f067953623c8b388b4459e13f978d7c846f4','addd','010-3333-3333','대구',0,0,1,22,'new');
Insert into MEMBER (MEMBER_ID,MEMBER_PW,MEMBER_NAME,MEMBER_PNUM,MEMBER_ADDRESS,MEMBER_CASH,MEMBER_POINT,MEMBER_GRADE,MEMBER_NUM,MEMBER_LATEST) values ('test2','03ac674216f3e15c761ee1a5e255f067953623c8b388b4459e13f978d7c846f4','테스트','010-4191-1611','파주',0,0,1,23,'new');
Insert into MEMBER (MEMBER_ID,MEMBER_PW,MEMBER_NAME,MEMBER_PNUM,MEMBER_ADDRESS,MEMBER_CASH,MEMBER_POINT,MEMBER_GRADE,MEMBER_NUM,MEMBER_LATEST) values ('test5','03ac674216f3e15c761ee1a5e255f067953623c8b388b4459e13f978d7c846f4','ddd','ddd','ddd',0,0,1,26,'new');
Insert into MEMBER (MEMBER_ID,MEMBER_PW,MEMBER_NAME,MEMBER_PNUM,MEMBER_ADDRESS,MEMBER_CASH,MEMBER_POINT,MEMBER_GRADE,MEMBER_NUM,MEMBER_LATEST) values ('test6','03ac674216f3e15c761ee1a5e255f067953623c8b388b4459e13f978d7c846f4','ddddd','dddd','dddd',0,0,1,27,'new');
Insert into MEMBER (MEMBER_ID,MEMBER_PW,MEMBER_NAME,MEMBER_PNUM,MEMBER_ADDRESS,MEMBER_CASH,MEMBER_POINT,MEMBER_GRADE,MEMBER_NUM,MEMBER_LATEST) values ('tes8','03ac674216f3e15c761ee1a5e255f067953623c8b388b4459e13f978d7c846f4','dddd','dddd','ddd',0,0,1,30,'new');
Insert into MEMBER (MEMBER_ID,MEMBER_PW,MEMBER_NAME,MEMBER_PNUM,MEMBER_ADDRESS,MEMBER_CASH,MEMBER_POINT,MEMBER_GRADE,MEMBER_NUM,MEMBER_LATEST) values ('test89','03ac674216f3e15c761ee1a5e255f067953623c8b388b4459e13f978d7c846f4','1234','1234','1234',0,0,1,32,'new');
REM INSERTING into NOTICE
SET DEFINE OFF;
Insert into NOTICE (NOTICE_UNINO,NOTICE_STATE,NOTICE_WRITER,NOTICE_TIT,NOTICE_DETAIL,NOTICE_FROM_DATE,NOTICE_TO_DATE,NOTICE_REG_DATE,NOTICE_UPDATE_DATE,NOTICE_DEL_DATE,NOTICE_VIEW) values (2,2,'관리자','제목','내용입니다ㄴㅇㄹㄴㅇㄹㄴㅇㄹ',to_date('22/05/19','RR/MM/DD'),to_date('22/05/21','RR/MM/DD'),to_date('22/05/17','RR/MM/DD'),to_date('22/05/17','RR/MM/DD'),null,0);
Insert into NOTICE (NOTICE_UNINO,NOTICE_STATE,NOTICE_WRITER,NOTICE_TIT,NOTICE_DETAIL,NOTICE_FROM_DATE,NOTICE_TO_DATE,NOTICE_REG_DATE,NOTICE_UPDATE_DATE,NOTICE_DEL_DATE,NOTICE_VIEW) values (3,3,'567','567123','ㅁㅁㅁㅁㅁㅁㅁㅁㅁㅁㅁㅁㅁㅁㅁㅁㅁㅁㅁㅁㅁㅁㅁㅁㅁㅁㅁㅁㅁㅁㅁㅁㅁㅁㅁㅁㅁㅁㅁㅁㅁ',to_date('22/05/03','RR/MM/DD'),to_date('22/05/17','RR/MM/DD'),to_date('22/05/17','RR/MM/DD'),to_date('22/05/17','RR/MM/DD'),null,0);
REM INSERTING into PART
SET DEFINE OFF;
Insert into PART (PARTCODE,PARTNAME) values ('A','인사부');
Insert into PART (PARTCODE,PARTNAME) values ('B','사업부');
Insert into PART (PARTCODE,PARTNAME) values ('C','기술부');
Insert into PART (PARTCODE,PARTNAME) values ('D','생산부');
Insert into PART (PARTCODE,PARTNAME) values ('E','공무부');
REM INSERTING into PAYMENT
SET DEFINE OFF;
Insert into PAYMENT (ONO,PAYTYPE,PAYNO,MONEY,SDATE,GCODE,AMOUNT,USERID,RNAME,TEL,ADDR1,ADDR2,POSTCODE,TRANSNO,TRANSCO,RSTATUS,RDATE,MEMO) values (1,'계좌이체','1111-2222-3333-4444',5000,to_date('22/06/02','RR/MM/DD'),'A110001',1,'admin','김태균','010-4191-1611','당동리','12-1','413-871','1',null,'승인전',null,'메모');
Insert into PAYMENT (ONO,PAYTYPE,PAYNO,MONEY,SDATE,GCODE,AMOUNT,USERID,RNAME,TEL,ADDR1,ADDR2,POSTCODE,TRANSNO,TRANSCO,RSTATUS,RDATE,MEMO) values (2,'계좌이체','1111-2222-3333-4444',5000,to_date('22/06/02','RR/MM/DD'),'A110001',1,'admin','김태균','010-4191-1611','당동리','12-1','413-871','1',null,'승인전',null,'메모');
REM INSERTING into SALARIES
SET DEFINE OFF;
Insert into SALARIES (EMP_NO,SALARY,FROM_DATE,TO_DATE) values ('A1001',4000000,to_date('22/05/01','RR/MM/DD'),to_date('22/05/31','RR/MM/DD'));
Insert into SALARIES (EMP_NO,SALARY,FROM_DATE,TO_DATE) values ('A1002',3600000,to_date('22/05/01','RR/MM/DD'),to_date('22/05/31','RR/MM/DD'));
Insert into SALARIES (EMP_NO,SALARY,FROM_DATE,TO_DATE) values ('B1003',3500000,to_date('22/05/01','RR/MM/DD'),to_date('22/05/31','RR/MM/DD'));
Insert into SALARIES (EMP_NO,SALARY,FROM_DATE,TO_DATE) values ('B1004',3350000,to_date('22/05/01','RR/MM/DD'),to_date('22/05/31','RR/MM/DD'));
Insert into SALARIES (EMP_NO,SALARY,FROM_DATE,TO_DATE) values ('C1005',3450000,to_date('22/05/01','RR/MM/DD'),to_date('22/05/31','RR/MM/DD'));
Insert into SALARIES (EMP_NO,SALARY,FROM_DATE,TO_DATE) values ('D1007',3550000,to_date('22/05/01','RR/MM/DD'),to_date('22/05/31','RR/MM/DD'));
Insert into SALARIES (EMP_NO,SALARY,FROM_DATE,TO_DATE) values ('D1008',3400000,to_date('22/05/01','RR/MM/DD'),to_date('22/05/31','RR/MM/DD'));
Insert into SALARIES (EMP_NO,SALARY,FROM_DATE,TO_DATE) values ('E1009',3700000,to_date('22/05/01','RR/MM/DD'),to_date('22/05/31','RR/MM/DD'));
Insert into SALARIES (EMP_NO,SALARY,FROM_DATE,TO_DATE) values ('E1010',3150000,to_date('22/05/01','RR/MM/DD'),to_date('22/05/31','RR/MM/DD'));
REM INSERTING into SALGRADE
SET DEFINE OFF;
Insert into SALGRADE (GRADE,LOSAL,HISAL) values (1,700,1200);
Insert into SALGRADE (GRADE,LOSAL,HISAL) values (2,1201,1400);
Insert into SALGRADE (GRADE,LOSAL,HISAL) values (3,1401,2000);
Insert into SALGRADE (GRADE,LOSAL,HISAL) values (4,2001,3000);
Insert into SALGRADE (GRADE,LOSAL,HISAL) values (5,3001,9999);
REM INSERTING into SAL_BONUS
SET DEFINE OFF;
Insert into SAL_BONUS (EMP_NO,SALARY,FROM_DATE,TO_DATE) values ('A1001',1200000,to_date('22/05/01','RR/MM/DD'),to_date('22/05/31','RR/MM/DD'));
Insert into SAL_BONUS (EMP_NO,SALARY,FROM_DATE,TO_DATE) values ('A1002',1080000,to_date('22/05/01','RR/MM/DD'),to_date('22/05/31','RR/MM/DD'));
Insert into SAL_BONUS (EMP_NO,SALARY,FROM_DATE,TO_DATE) values ('B1003',1050000,to_date('22/05/01','RR/MM/DD'),to_date('22/05/31','RR/MM/DD'));
Insert into SAL_BONUS (EMP_NO,SALARY,FROM_DATE,TO_DATE) values ('B1004',1005000,to_date('22/05/01','RR/MM/DD'),to_date('22/05/31','RR/MM/DD'));
Insert into SAL_BONUS (EMP_NO,SALARY,FROM_DATE,TO_DATE) values ('C1005',1035000,to_date('22/05/01','RR/MM/DD'),to_date('22/05/31','RR/MM/DD'));
Insert into SAL_BONUS (EMP_NO,SALARY,FROM_DATE,TO_DATE) values ('D1007',1065000,to_date('22/05/01','RR/MM/DD'),to_date('22/05/31','RR/MM/DD'));
Insert into SAL_BONUS (EMP_NO,SALARY,FROM_DATE,TO_DATE) values ('D1008',1020000,to_date('22/05/01','RR/MM/DD'),to_date('22/05/31','RR/MM/DD'));
Insert into SAL_BONUS (EMP_NO,SALARY,FROM_DATE,TO_DATE) values ('E1009',1110000,to_date('22/05/01','RR/MM/DD'),to_date('22/05/31','RR/MM/DD'));
Insert into SAL_BONUS (EMP_NO,SALARY,FROM_DATE,TO_DATE) values ('E1010',945000,to_date('22/05/01','RR/MM/DD'),to_date('22/05/31','RR/MM/DD'));
REM INSERTING into SHOP
SET DEFINE OFF;
Insert into SHOP (SHOP_NUM,SHOP_TIT,SHOP_DETAIL,SHOP_PRICE,SHOP_QUANTITY,SHOP_IMG1,SHOP_IMG2,SHOP_IMG3,SHOP_IMG4) values (1,'상품제목','상품내용',5000,10,'이미지경로1','이미지경로2','이미지경로3','이미지경로4');
Insert into SHOP (SHOP_NUM,SHOP_TIT,SHOP_DETAIL,SHOP_PRICE,SHOP_QUANTITY,SHOP_IMG1,SHOP_IMG2,SHOP_IMG3,SHOP_IMG4) values (2,'공룡기념품','공룡 모양의 피규어다',100000,100,'이미지경로1','이미지경로2','이미지경로3','이미지경로4');
Insert into SHOP (SHOP_NUM,SHOP_TIT,SHOP_DETAIL,SHOP_PRICE,SHOP_QUANTITY,SHOP_IMG1,SHOP_IMG2,SHOP_IMG3,SHOP_IMG4) values (3,'황칠오리백숙','몸에 힘을 주는 보양 음식 황칠오리백숙',500000,100,'이미지경로1','이미지경로2','이미지경로3','이미지경로4');
REM INSERTING into SHOP_ADMIN
SET DEFINE OFF;
Insert into SHOP_ADMIN (SHOP_ADMIN_NUM,SHOP_ADMIN_SNUM,SHOP_ADMIN_ORDERER,SHOP_ADMIN_QUANTITY,SHOP_ADMIN_PRICE,SHOP_ADMIN_RIDER) values (1,1,'테스트주문자',1,10000,'배송전');
Insert into SHOP_ADMIN (SHOP_ADMIN_NUM,SHOP_ADMIN_SNUM,SHOP_ADMIN_ORDERER,SHOP_ADMIN_QUANTITY,SHOP_ADMIN_PRICE,SHOP_ADMIN_RIDER) values (2,2,'테스트주문자2',2,20000,'배송전');
REM INSERTING into SHOP_BOARD
SET DEFINE OFF;
Insert into SHOP_BOARD (NO,TIT,CON,WRITER,REGDATE,VIEWED,THUMB,LOCK_POST) values (3,'123','213','123',to_date('22/05/23','RR/MM/DD'),0,0,123);
Insert into SHOP_BOARD (NO,TIT,CON,WRITER,REGDATE,VIEWED,THUMB,LOCK_POST) values (5,'한글','테스트','글쓴이',to_date('22/05/23','RR/MM/DD'),0,0,1);
Insert into SHOP_BOARD (NO,TIT,CON,WRITER,REGDATE,VIEWED,THUMB,LOCK_POST) values (6,'123','213','123',to_date('22/05/23','RR/MM/DD'),0,0,123);
Insert into SHOP_BOARD (NO,TIT,CON,WRITER,REGDATE,VIEWED,THUMB,LOCK_POST) values (14,'퍼가요~','퍼가여~','111',to_date('22/06/02','RR/MM/DD'),0,0,2);
Insert into SHOP_BOARD (NO,TIT,CON,WRITER,REGDATE,VIEWED,THUMB,LOCK_POST) values (8,'aaa','aaa','zzz',to_date('22/05/24','RR/MM/DD'),0,0,1);
Insert into SHOP_BOARD (NO,TIT,CON,WRITER,REGDATE,VIEWED,THUMB,LOCK_POST) values (10,'제목','내용','작성자',to_date('22/05/24','RR/MM/DD'),0,0,1);
Insert into SHOP_BOARD (NO,TIT,CON,WRITER,REGDATE,VIEWED,THUMB,LOCK_POST) values (12,'1113355','113','113',to_date('22/05/25','RR/MM/DD'),0,0,1);
Insert into SHOP_BOARD (NO,TIT,CON,WRITER,REGDATE,VIEWED,THUMB,LOCK_POST) values (13,'제목','내용','작성자',to_date('22/05/25','RR/MM/DD'),0,0,1);
Insert into SHOP_BOARD (NO,TIT,CON,WRITER,REGDATE,VIEWED,THUMB,LOCK_POST) values (7,'ㅋㅋㅋ','ㅋㅋㅋ','ㅋㅋ',to_date('22/05/23','RR/MM/DD'),0,0,1);
Insert into SHOP_BOARD (NO,TIT,CON,WRITER,REGDATE,VIEWED,THUMB,LOCK_POST) values (1,'제목1','내용1','작성자',to_date('22/05/23','RR/MM/DD'),0,0,1);
Insert into SHOP_BOARD (NO,TIT,CON,WRITER,REGDATE,VIEWED,THUMB,LOCK_POST) values (2,'제목2','내용2','작성자',to_date('22/05/23','RR/MM/DD'),0,0,1);
Insert into SHOP_BOARD (NO,TIT,CON,WRITER,REGDATE,VIEWED,THUMB,LOCK_POST) values (9,'제목','내용','작성자',to_date('22/05/24','RR/MM/DD'),0,0,1);
Insert into SHOP_BOARD (NO,TIT,CON,WRITER,REGDATE,VIEWED,THUMB,LOCK_POST) values (11,'aaazz','aaazz','aaa',to_date('22/05/25','RR/MM/DD'),0,0,1);
REM INSERTING into SHOP_CCODE
SET DEFINE OFF;
Insert into SHOP_CCODE (CCODE,CCODE_RES) values ('A','루어·미끼');
Insert into SHOP_CCODE (CCODE,CCODE_RES) values ('B','바늘·훅');
Insert into SHOP_CCODE (CCODE,CCODE_RES) values ('C','루어낚시대');
Insert into SHOP_CCODE (CCODE,CCODE_RES) values ('D','릴');
Insert into SHOP_CCODE (CCODE,CCODE_RES) values ('E','기타');
REM INSERTING into SHOP_DCODE
SET DEFINE OFF;
Insert into SHOP_DCODE (DCODE,DCODE_RES) values ('A11','웜');
Insert into SHOP_DCODE (DCODE,DCODE_RES) values ('A12','하드베이트');
Insert into SHOP_DCODE (DCODE,DCODE_RES) values ('A13','프로그');
Insert into SHOP_DCODE (DCODE,DCODE_RES) values ('A14','스피너베이트');
Insert into SHOP_DCODE (DCODE,DCODE_RES) values ('B11','지그헤드');
Insert into SHOP_DCODE (DCODE,DCODE_RES) values ('B12','와이드갭');
Insert into SHOP_DCODE (DCODE,DCODE_RES) values ('B13','언더헤드');
Insert into SHOP_DCODE (DCODE,DCODE_RES) values ('C11','배스로드');
Insert into SHOP_DCODE (DCODE,DCODE_RES) values ('C12','계류로드');
Insert into SHOP_DCODE (DCODE,DCODE_RES) values ('C13','가물치로드');
Insert into SHOP_DCODE (DCODE,DCODE_RES) values ('D11','스피닝릴');
Insert into SHOP_DCODE (DCODE,DCODE_RES) values ('D12','베이트릴');
Insert into SHOP_DCODE (DCODE,DCODE_RES) values ('E11','카본 루어라인');
Insert into SHOP_DCODE (DCODE,DCODE_RES) values ('E12','모노 루어라인');
Insert into SHOP_DCODE (DCODE,DCODE_RES) values ('E13','하이브리드 라인');
REM INSERTING into SHOP_MEMBER
SET DEFINE OFF;
Insert into SHOP_MEMBER (MNO,MID,MPW,MNAME,MTEL,MADDRESS,MEMAIL,MNICK,MCASH,MPOINT,MGRADE,MJDAY,MLATEST) values (1,'admin','MTIzNA==','관리자','010-0000-0000','파주시','admin@admin.com','관리자1',1000,1010,5,to_date('22/05/24','RR/MM/DD'),to_date('22/05/24','RR/MM/DD'));
Insert into SHOP_MEMBER (MNO,MID,MPW,MNAME,MTEL,MADDRESS,MEMAIL,MNICK,MCASH,MPOINT,MGRADE,MJDAY,MLATEST) values (2,'admin2','1234','관리자2','010-0000-0000','파주시','admin2@admin.com','관리자2',1000,1000,5,to_date('22/05/24','RR/MM/DD'),to_date('22/05/24','RR/MM/DD'));
Insert into SHOP_MEMBER (MNO,MID,MPW,MNAME,MTEL,MADDRESS,MEMAIL,MNICK,MCASH,MPOINT,MGRADE,MJDAY,MLATEST) values (5,'admin3','MTIzNA==','관리자3','010-0000-0000','경기 성남시 분당구 대왕판교11로 477 상세주소 없음','admin3@naver.com','관리자31',0,0,1,to_date('22/05/24','RR/MM/DD'),to_date('22/05/24','RR/MM/DD'));
Insert into SHOP_MEMBER (MNO,MID,MPW,MNAME,MTEL,MADDRESS,MEMAIL,MNICK,MCASH,MPOINT,MGRADE,MJDAY,MLATEST) values (9,'test10','MTIzNA==','김태균','010-4444-4444','경기 고양시 일산서구 일산로 485 123-444','test10@nate.com','김태균_테스트',0,0,1,to_date('22/05/24','RR/MM/DD'),to_date('22/05/24','RR/MM/DD'));
Insert into SHOP_MEMBER (MNO,MID,MPW,MNAME,MTEL,MADDRESS,MEMAIL,MNICK,MCASH,MPOINT,MGRADE,MJDAY,MLATEST) values (4,'test','MTIzNA==','김태균','010-4191-1611','경기 파주시 문산읍 당동1로 12 403-705','greekr4@naver.com','테스트',0,0,1,to_date('22/05/24','RR/MM/DD'),to_date('22/05/24','RR/MM/DD'));
Insert into SHOP_MEMBER (MNO,MID,MPW,MNAME,MTEL,MADDRESS,MEMAIL,MNICK,MCASH,MPOINT,MGRADE,MJDAY,MLATEST) values (7,'test3','MTIzNA==','1234','1234','충북 청주시 서원구 1순환로 627 1234','1234','1234',1,1,1,to_date('22/05/24','RR/MM/DD'),to_date('22/05/24','RR/MM/DD'));
Insert into SHOP_MEMBER (MNO,MID,MPW,MNAME,MTEL,MADDRESS,MEMAIL,MNICK,MCASH,MPOINT,MGRADE,MJDAY,MLATEST) values (8,'test4','MTIzNA==','1234','1234','서울 송파구 가락로12길 5 1234','1234','1234',0,0,1,to_date('22/05/24','RR/MM/DD'),to_date('22/05/24','RR/MM/DD'));
Insert into SHOP_MEMBER (MNO,MID,MPW,MNAME,MTEL,MADDRESS,MEMAIL,MNICK,MCASH,MPOINT,MGRADE,MJDAY,MLATEST) values (11,'sdfsdf','MTIzNA==','13123','213','서울 송파구 가락로12길 5 123123','44124','123123',214,214,1,to_date('22/05/25','RR/MM/DD'),to_date('22/05/25','RR/MM/DD'));
Insert into SHOP_MEMBER (MNO,MID,MPW,MNAME,MTEL,MADDRESS,MEMAIL,MNICK,MCASH,MPOINT,MGRADE,MJDAY,MLATEST) values (12,'1234','MTIzNA==','1234','1234','경기 파주시 문산읍 개포래로 34 1234','1234','1234',0,0,1,to_date('22/05/31','RR/MM/DD'),to_date('22/05/31','RR/MM/DD'));
Insert into SHOP_MEMBER (MNO,MID,MPW,MNAME,MTEL,MADDRESS,MEMAIL,MNICK,MCASH,MPOINT,MGRADE,MJDAY,MLATEST) values (10,'aaaa1','MTIzNA==','1234','1234','충북 청주시 서원구 1순환로 627 1234','1234','1234zz',1234,1234,5,to_date('22/05/25','RR/MM/DD'),to_date('22/05/25','RR/MM/DD'));
Insert into SHOP_MEMBER (MNO,MID,MPW,MNAME,MTEL,MADDRESS,MEMAIL,MNICK,MCASH,MPOINT,MGRADE,MJDAY,MLATEST) values (6,'test2','MTIzNA==','qweqwe','qweqwe','서울 강북구 4.19로11길 6 1234','1234','qweqwe',0,0,1,to_date('22/05/24','RR/MM/DD'),to_date('22/05/24','RR/MM/DD'));
REM INSERTING into SHOP_ORDER
SET DEFINE OFF;
Insert into SHOP_ORDER (ORDER_SEQ,ORDER_STATE,ORDER_PAY_STATE,ORDER_NO,DELIVERY_USER_NAME,DELIVERY_CELLPHONE,DELIVERY_ZIP_CODE,DELIVERY_ADDRESS,DELIVERY_ADDRESS_DETAILS,ORDER_EMAIL,USER_ID,GTOTAL,REGDATE) values (3,2,1,3,'123123','123123','13473','경기 성남시 분당구 삼평동 421','123213','123','1234',1188800,to_date('22/06/03','RR/MM/DD'));
Insert into SHOP_ORDER (ORDER_SEQ,ORDER_STATE,ORDER_PAY_STATE,ORDER_NO,DELIVERY_USER_NAME,DELIVERY_CELLPHONE,DELIVERY_ZIP_CODE,DELIVERY_ADDRESS,DELIVERY_ADDRESS_DETAILS,ORDER_EMAIL,USER_ID,GTOTAL,REGDATE) values (5,1,3,5,'123123','123','0176421','서울 노원구 동일로213길 26','213','123','admin',25800,to_date('22/06/03','RR/MM/DD'));
Insert into SHOP_ORDER (ORDER_SEQ,ORDER_STATE,ORDER_PAY_STATE,ORDER_NO,DELIVERY_USER_NAME,DELIVERY_CELLPHONE,DELIVERY_ZIP_CODE,DELIVERY_ADDRESS,DELIVERY_ADDRESS_DETAILS,ORDER_EMAIL,USER_ID,GTOTAL,REGDATE) values (6,1,3,6,'ㅋㅋㅋ','ㅋㅋ','05315','서울 강동구 양재대로123길 7','123','123','admin',470400,to_date('22/06/03','RR/MM/DD'));
Insert into SHOP_ORDER (ORDER_SEQ,ORDER_STATE,ORDER_PAY_STATE,ORDER_NO,DELIVERY_USER_NAME,DELIVERY_CELLPHONE,DELIVERY_ZIP_CODE,DELIVERY_ADDRESS,DELIVERY_ADDRESS_DETAILS,ORDER_EMAIL,USER_ID,GTOTAL,REGDATE) values (7,3,3,7,'123123','ㅁㄴㅇ','05696','서울 송파구 가락로12길 5','3','4','admin',1900,to_date('22/06/03','RR/MM/DD'));
Insert into SHOP_ORDER (ORDER_SEQ,ORDER_STATE,ORDER_PAY_STATE,ORDER_NO,DELIVERY_USER_NAME,DELIVERY_CELLPHONE,DELIVERY_ZIP_CODE,DELIVERY_ADDRESS,DELIVERY_ADDRESS_DETAILS,ORDER_EMAIL,USER_ID,GTOTAL,REGDATE) values (1,3,1,1,'aaa','aaa','13480','경기 성남시 분당구 판교동 649','123123','123123','admin',11500,to_date('22/06/03','RR/MM/DD'));
Insert into SHOP_ORDER (ORDER_SEQ,ORDER_STATE,ORDER_PAY_STATE,ORDER_NO,DELIVERY_USER_NAME,DELIVERY_CELLPHONE,DELIVERY_ZIP_CODE,DELIVERY_ADDRESS,DELIVERY_ADDRESS_DETAILS,ORDER_EMAIL,USER_ID,GTOTAL,REGDATE) values (2,4,1,2,'qwdwq','wqdqwd','13473','경기 성남시 분당구 경부고속도로 409','123','123','admin',11000,to_date('22/06/03','RR/MM/DD'));
Insert into SHOP_ORDER (ORDER_SEQ,ORDER_STATE,ORDER_PAY_STATE,ORDER_NO,DELIVERY_USER_NAME,DELIVERY_CELLPHONE,DELIVERY_ZIP_CODE,DELIVERY_ADDRESS,DELIVERY_ADDRESS_DETAILS,ORDER_EMAIL,USER_ID,GTOTAL,REGDATE) values (8,1,1,8,'김동협','010-1234-5678','10293','경기 고양시 덕양구 고양대로1643번길 164','동협이네','dong@dong.dong','1234',352000,to_date('22/06/03','RR/MM/DD'));
Insert into SHOP_ORDER (ORDER_SEQ,ORDER_STATE,ORDER_PAY_STATE,ORDER_NO,DELIVERY_USER_NAME,DELIVERY_CELLPHONE,DELIVERY_ZIP_CODE,DELIVERY_ADDRESS,DELIVERY_ADDRESS_DETAILS,ORDER_EMAIL,USER_ID,GTOTAL,REGDATE) values (4,1,1,4,'4242','4242','06040','서울 강남구 도산대로24길 4','24','24','admin',480000,to_date('22/06/03','RR/MM/DD'));
REM INSERTING into SHOP_ORDER_LINE
SET DEFINE OFF;
Insert into SHOP_ORDER_LINE (ORDER_LINE_SEQ,ORDER_NO,GCODE,GQTY) values (3,2,'A140002',2);
Insert into SHOP_ORDER_LINE (ORDER_LINE_SEQ,ORDER_NO,GCODE,GQTY) values (4,3,'A110004',123);
Insert into SHOP_ORDER_LINE (ORDER_LINE_SEQ,ORDER_NO,GCODE,GQTY) values (5,3,'A130002',1);
Insert into SHOP_ORDER_LINE (ORDER_LINE_SEQ,ORDER_NO,GCODE,GQTY) values (6,0,'A110003',202);
Insert into SHOP_ORDER_LINE (ORDER_LINE_SEQ,ORDER_NO,GCODE,GQTY) values (8,5,'A110004',1);
Insert into SHOP_ORDER_LINE (ORDER_LINE_SEQ,ORDER_NO,GCODE,GQTY) values (1,1,'A140003',1);
Insert into SHOP_ORDER_LINE (ORDER_LINE_SEQ,ORDER_NO,GCODE,GQTY) values (2,1,'A110004',1);
Insert into SHOP_ORDER_LINE (ORDER_LINE_SEQ,ORDER_NO,GCODE,GQTY) values (9,5,'A110003',1);
Insert into SHOP_ORDER_LINE (ORDER_LINE_SEQ,ORDER_NO,GCODE,GQTY) values (10,5,'A110002',1);
Insert into SHOP_ORDER_LINE (ORDER_LINE_SEQ,ORDER_NO,GCODE,GQTY) values (11,5,'A110001',1);
Insert into SHOP_ORDER_LINE (ORDER_LINE_SEQ,ORDER_NO,GCODE,GQTY) values (12,6,'A110004',49);
Insert into SHOP_ORDER_LINE (ORDER_LINE_SEQ,ORDER_NO,GCODE,GQTY) values (13,7,'A140003',1);
Insert into SHOP_ORDER_LINE (ORDER_LINE_SEQ,ORDER_NO,GCODE,GQTY) values (14,0,'A120003',10);
Insert into SHOP_ORDER_LINE (ORDER_LINE_SEQ,ORDER_NO,GCODE,GQTY) values (15,8,'A120003',10);
Insert into SHOP_ORDER_LINE (ORDER_LINE_SEQ,ORDER_NO,GCODE,GQTY) values (7,4,'A110004',50);
REM INSERTING into SPOT
SET DEFINE OFF;
Insert into SPOT (POSITION,P_NAME) values ('A','부장');
Insert into SPOT (POSITION,P_NAME) values ('B','과장');
Insert into SPOT (POSITION,P_NAME) values ('C','대리');
Insert into SPOT (POSITION,P_NAME) values ('D','사원');
REM INSERTING into TOUR_BOARD
SET DEFINE OFF;
Insert into TOUR_BOARD (TOUR_BOARD_NUM,TOUR_BOARD_PIDNO,TOUR_BOARD_TIT,TOUR_BOARD_DETAIL,TOUR_BOARD_WRITER,TOUR_BOARD_CDATE,TOUR_BOARD_VIEWS,TOUR_BOARD_THUMB,TOUR_BOARD_IMG1,TOUR_BOARD_IMG2,TOUR_BOARD_IMG3,TOUR_BOARD_IMG4,TOUR_BOARD_ADDRESS,TOUR_BOARD_TEL) values (4,'A120001','국토순례길- 땅끝길','<h4>소개</h4>
		<p>국토순례길의 시작과 끝을 모두 품고 있는 땅끝길,!
<br/>또 한국의 아름다운 해안 길로 명소가 되고 있는 땅끝 해안길은 일출과 일몰을 모두 품고 있다. 
<br/>땅끝 해안길을 따라가는 ‘문화생태탐방로’와 ?땅끝에서 서울까지 이어지는 천리길인 ‘삼남길’(호남대로)의 처음 길도. 또 해안 산책길을 따라 ?땅끝탑을 돌아 도솔암과 미황사로 이어지는 땅끝천년숲옛길도 땅끝에서의 장엄한 맴섬 일출과 시작한다.
<br/>그리고 땅끝맴섬앞에서 ~ 사구미해변 ~ 땅끝조각공원까지 ?이어지는 구간은 드라이브코스로도 ?가장 백미코스 이다. 
<br/>육지와 바다가 만나는 나무데크가 깔린 땅끝해안 숲길은. 왼쪽엔 남도의 쪽빛바다를 끼고 파도소리와 함께 걷는 다. 
<br/>이 길은 역사와 문화와 자연을 만나며 ?땅끝탑과 송호해변및 사구미 해변으로 ?이어져 땅끝의 느낌을 새롭게 한다. 
<br/>
<br/>해남의 땅끝길은 우리 국토의 맨 마지막이자 처음길로 땅끝은 ?세계를 향한 새로운 출발점과 함께 땅끝전망대는 한반도의 희망봉이 되고 있다. 
<br/>땅끝은 우리나라 국토 육지의 최남단으로써 많은 상징성을 가지고 있기 때문에 21세기를 열어가는 새 희망과 조국의 통일을 기원하고 대양을 향한 새로운 각오로 출발을 열며 서남해안권 문화관광벨트의 중요한 핵으로 발전하여 지역 문화발전과 국민의 정서 ?함양에도 기여하는 꿈을 품고 있다.</p>
','관리자',to_date('22/05/19','RR/MM/DD'),0,0,'./img/A/A120001/0.png','./img/A/A120001/1.png','./img/A/A120001/2.png','./img/A/A120001/3.png','전라남도 해남군 송지면 땅끝마을길 42 일원','관광실 관광마케팅팀: 061-530- 5798 / 관광안내: 061-532-1330   해남관광안내  ');
Insert into TOUR_BOARD (TOUR_BOARD_NUM,TOUR_BOARD_PIDNO,TOUR_BOARD_TIT,TOUR_BOARD_DETAIL,TOUR_BOARD_WRITER,TOUR_BOARD_CDATE,TOUR_BOARD_VIEWS,TOUR_BOARD_THUMB,TOUR_BOARD_IMG1,TOUR_BOARD_IMG2,TOUR_BOARD_IMG3,TOUR_BOARD_IMG4,TOUR_BOARD_ADDRESS,TOUR_BOARD_TEL) values (1,'A110001','금강산','<h4>소개</h4>
		<p>해남의 금강산은 마산면의 맹진리와 화내리를 경계 짓는 만대산(萬垈山)과 옥천면과 해남읍을 경계 짓는 만대산(萬垈山)을 좌우로 거느린 산이다. 
<br/> 여기서 만대(萬垈)는 만개의 큰바위란 뜻이다. 큰바위를 한자로 대(垈-터대,대지)라 하고, 대를 일반적으로 작은 봉우리로 해석할 수도 있다. &nbsp;결국 만대(萬垈)를 만봉(萬峰)으로 해석한다면 해남의 금강산은 만대(만봉)를 두개나 거느리는 산이니 봉우리가 이만봉 이어서 북한에 있는 금강산의 일만이천봉보다 팔천봉이나 더 많은 해남의 아름다운 명산이다. &nbsp;<출처 : 한국의 산천>
<br/>
<br/>* 행코스
<br/>- 산행코스 1 : - 해남종합병원- 3,2,1봉- 만대산 - 금강재- 금강산- 우정봉- 금강저수지 (약 4시간 코스)
<br/>
<br/>* 산행코스 2 : (소요시간: &nbsp;약 5시간 30분)
<br/>- 금강곡저수지- 삼봉 - &nbsp;만대산 - 금강재 - &nbsp;금강산정상(헬기장) 무명봉 - 정성 - 무명봉 - 금강산성 - 금강폭포 삼거리 - 우정봉삼거리 - 쉼터 삼거리 - 미암바위 - 삼거리 - 팔각정공원 
<br/>
<br/>* 산행코스 3 : (소요시간 6시간)
<br/>- 금강산저수지 &nbsp;- 삼봉 - 만대산 - 금강재 - 금강산성 - 무명봉 - 정상 - 아침재 - 학동마을</p>','관리자',to_date('22/05/13','RR/MM/DD'),0,0,'./img/A/A110001/0.png','./img/A/A110001/1.png','./img/A/A110001/2.png','./img/A/A110001/3.png','전라남도 해남군 해남읍 해리2길 50','산림녹지과 산림보호팀: 061-530- 5427산림녹지과 산림보호팀: 061-530- 5427');
Insert into TOUR_BOARD (TOUR_BOARD_NUM,TOUR_BOARD_PIDNO,TOUR_BOARD_TIT,TOUR_BOARD_DETAIL,TOUR_BOARD_WRITER,TOUR_BOARD_CDATE,TOUR_BOARD_VIEWS,TOUR_BOARD_THUMB,TOUR_BOARD_IMG1,TOUR_BOARD_IMG2,TOUR_BOARD_IMG3,TOUR_BOARD_IMG4,TOUR_BOARD_ADDRESS,TOUR_BOARD_TEL) values (2,'A110002','주작산','<h4>소개</h4>
		<p>주작산은 이름에서도 풍기듯이 봉황이 날개를 활짝 펴고 나는 듯 한 형상을 지닌 산이라 해서 주작산이라 이름이 붙혀졌다. 주작산은 해남군 삼산면 오소재에서 북동향으로 강진 도암면 석문산 못 미쳐 봉황천까지 직선거리로 약 10km에 걸쳐 있는 산이다. 봉황의 머리 부분에 해당하는 지점이 최고봉으로 우측날개 부분은 해남 오소재로 이어지는 암릉이며 좌측날개는 작천 소령 북쪽에서 덕룡산 쪽으로 이어지는 능선이다. 
<br/> 주작산에 이르는 암릉은 곳곳에 바위능선이 많고 정상에 서면 다도해가 한눈에 들어오며. 북동에서 남서방향으로 해안선과 나란히 이어져 확 트인 바다 내음을 마음껏 느낄 수 있는 산행이 된다.
<br/>
<br/>* 오소재 : 해남 옥천면에서 북일면 넘어서는 고개</p>
	
		<h4>등산로</h4>
		<p>- 오소재 입구- >첫 암봉 - >362m봉 - 401.5m봉 ->억새군락 ->암릉지대 시작 -> 412m봉 -> 427m봉 ->작천소령(약4시간전 후)-> 주작산정상(475m) -> 작천소령남봉 -> 주작산(428m) -> 수양리조트 (소요 6 : 00 )
<br/>- 산행코스 : 해남오소재에서 작천소령 까지 주작의 우측 날개
<br/>- 소요시간 : 해남 오소재 ~ 작천소령 : 3시간 30분 ~ 약 4시간소요</p>','관리자',to_date('22/05/13','RR/MM/DD'),0,0,'./img/A/A110002/0.png','./img/A/A110002/1.png','./img/A/A110002/2.png','./img/A/A110002/3.png','전라남도 해남군 해남읍 해리2길 50','123');
Insert into TOUR_BOARD (TOUR_BOARD_NUM,TOUR_BOARD_PIDNO,TOUR_BOARD_TIT,TOUR_BOARD_DETAIL,TOUR_BOARD_WRITER,TOUR_BOARD_CDATE,TOUR_BOARD_VIEWS,TOUR_BOARD_THUMB,TOUR_BOARD_IMG1,TOUR_BOARD_IMG2,TOUR_BOARD_IMG3,TOUR_BOARD_IMG4,TOUR_BOARD_ADDRESS,TOUR_BOARD_TEL) values (3,'A110003','갈두산','갈두산은 해남군 최남단에 위치한 산으로 예부터 산자락에 칡이 많았다는데에서 산이름이 유래됐다.
일명 사자봉으로도 불리는 갈두산의 모산은 해남군 최고봉인 두륜산(頭輪山·703m)이다.','관리자',to_date('22/05/13','RR/MM/DD'),0,0,'./img/A/A110003/0.png','./img/A/A110003/1.png','./img/A/A110003/2.png','./img/A/A110003/3.png','전라남도 해남군 해남읍 해리2길 50','123');
Insert into TOUR_BOARD (TOUR_BOARD_NUM,TOUR_BOARD_PIDNO,TOUR_BOARD_TIT,TOUR_BOARD_DETAIL,TOUR_BOARD_WRITER,TOUR_BOARD_CDATE,TOUR_BOARD_VIEWS,TOUR_BOARD_THUMB,TOUR_BOARD_IMG1,TOUR_BOARD_IMG2,TOUR_BOARD_IMG3,TOUR_BOARD_IMG4,TOUR_BOARD_ADDRESS,TOUR_BOARD_TEL) values (8,'A110004','123','123123','관리자',to_date('22/05/17','RR/MM/DD'),0,0,'123','123','123','123','전라남도 해남군 해남읍 해리2길 50','123');
REM INSERTING into TOUR_CCODE
SET DEFINE OFF;
Insert into TOUR_CCODE (CCODE,CCODE_RES) values ('A','자연관광');
Insert into TOUR_CCODE (CCODE,CCODE_RES) values ('B','관광명소');
Insert into TOUR_CCODE (CCODE,CCODE_RES) values ('C','문화재');
Insert into TOUR_CCODE (CCODE,CCODE_RES) values ('D','코스관광');
Insert into TOUR_CCODE (CCODE,CCODE_RES) values ('E','수련시설');
Insert into TOUR_CCODE (CCODE,CCODE_RES) values ('F','축제');
Insert into TOUR_CCODE (CCODE,CCODE_RES) values ('G','음식');
Insert into TOUR_CCODE (CCODE,CCODE_RES) values ('H','숙박');
Insert into TOUR_CCODE (CCODE,CCODE_RES) values ('I','쇼핑');
Insert into TOUR_CCODE (CCODE,CCODE_RES) values ('J','교통');
REM INSERTING into TOUR_COMMENT
SET DEFINE OFF;
Insert into TOUR_COMMENT (TOUR_COMMENT_UNINUM,TOUR_COMMENT_BNUM,TOUR_COMMENT_TIT,TOUR_COMMENT_NAME,TOUR_COMMENT_TDATE,TOUR_COMMENT_THUMB,TOUR_COMMENT_DETAIL) values (2,4,'dddd','dddd','22-05-20 16:06',0,'ddd');
Insert into TOUR_COMMENT (TOUR_COMMENT_UNINUM,TOUR_COMMENT_BNUM,TOUR_COMMENT_TIT,TOUR_COMMENT_NAME,TOUR_COMMENT_TDATE,TOUR_COMMENT_THUMB,TOUR_COMMENT_DETAIL) values (8,2,'zz111','aa','22-05-15 22:27',2,'nullqwf11');
Insert into TOUR_COMMENT (TOUR_COMMENT_UNINUM,TOUR_COMMENT_BNUM,TOUR_COMMENT_TIT,TOUR_COMMENT_NAME,TOUR_COMMENT_TDATE,TOUR_COMMENT_THUMB,TOUR_COMMENT_DETAIL) values (3,1,'와 좋아요11','회원1','22-05-13 17:14',82,null);
Insert into TOUR_COMMENT (TOUR_COMMENT_UNINUM,TOUR_COMMENT_BNUM,TOUR_COMMENT_TIT,TOUR_COMMENT_NAME,TOUR_COMMENT_TDATE,TOUR_COMMENT_THUMB,TOUR_COMMENT_DETAIL) values (6,1,'안녕하세요','바보','22-05-15 21:17',2,null);
Insert into TOUR_COMMENT (TOUR_COMMENT_UNINUM,TOUR_COMMENT_BNUM,TOUR_COMMENT_TIT,TOUR_COMMENT_NAME,TOUR_COMMENT_TDATE,TOUR_COMMENT_THUMB,TOUR_COMMENT_DETAIL) values (5,1,'테스트','회원2','22-05-15 21:15',4,null);
Insert into TOUR_COMMENT (TOUR_COMMENT_UNINUM,TOUR_COMMENT_BNUM,TOUR_COMMENT_TIT,TOUR_COMMENT_NAME,TOUR_COMMENT_TDATE,TOUR_COMMENT_THUMB,TOUR_COMMENT_DETAIL) values (7,1,'ㅋㅋㅋ','ㅋㅋㅋ','22-05-15 21:18',2,null);
Insert into TOUR_COMMENT (TOUR_COMMENT_UNINUM,TOUR_COMMENT_BNUM,TOUR_COMMENT_TIT,TOUR_COMMENT_NAME,TOUR_COMMENT_TDATE,TOUR_COMMENT_THUMB,TOUR_COMMENT_DETAIL) values (10,1,'별로에요','ㅋㅋ','22-05-16 22:39',1,'왜냐하면 너무 별로에요');
REM INSERTING into TOUR_DCODE
SET DEFINE OFF;
Insert into TOUR_DCODE (DCODE,DCODE_RES) values ('A11','산');
Insert into TOUR_DCODE (DCODE,DCODE_RES) values ('A12','등산/산책로');
Insert into TOUR_DCODE (DCODE,DCODE_RES) values ('A13','해수욕장');
Insert into TOUR_DCODE (DCODE,DCODE_RES) values ('B11','사찰');
Insert into TOUR_DCODE (DCODE,DCODE_RES) values ('B12','주거건물');
Insert into TOUR_DCODE (DCODE,DCODE_RES) values ('B13','박물관/전시관');
Insert into TOUR_DCODE (DCODE,DCODE_RES) values ('B14','해남 8경');
Insert into TOUR_DCODE (DCODE,DCODE_RES) values ('C11','국가지정문화재');
Insert into TOUR_DCODE (DCODE,DCODE_RES) values ('C12','도지정문화재');
Insert into TOUR_DCODE (DCODE,DCODE_RES) values ('C13','유적건조물');
Insert into TOUR_DCODE (DCODE,DCODE_RES) values ('D11','일정별코스');
Insert into TOUR_DCODE (DCODE,DCODE_RES) values ('D12','권역별코스');
Insert into TOUR_DCODE (DCODE,DCODE_RES) values ('D13','이야기별코스');
Insert into TOUR_DCODE (DCODE,DCODE_RES) values ('D14','자전거코스');
Insert into TOUR_DCODE (DCODE,DCODE_RES) values ('E11','템플스테이');
Insert into TOUR_DCODE (DCODE,DCODE_RES) values ('E12','농어촌체험');
Insert into TOUR_DCODE (DCODE,DCODE_RES) values ('E13','생태체험');
Insert into TOUR_DCODE (DCODE,DCODE_RES) values ('F11','명량대첩축제');
Insert into TOUR_DCODE (DCODE,DCODE_RES) values ('F12','땅끝매화축제');
Insert into TOUR_DCODE (DCODE,DCODE_RES) values ('F13','흑석산철쭉제');
Insert into TOUR_DCODE (DCODE,DCODE_RES) values ('F14','땅끝해넘이해맞이축제');
Insert into TOUR_DCODE (DCODE,DCODE_RES) values ('F15','문화행사');
Insert into TOUR_DCODE (DCODE,DCODE_RES) values ('F16','기타행사');
Insert into TOUR_DCODE (DCODE,DCODE_RES) values ('F17','달마고도 힐링축제');
Insert into TOUR_DCODE (DCODE,DCODE_RES) values ('F18','해남 미남 축제');
Insert into TOUR_DCODE (DCODE,DCODE_RES) values ('G11','해남명물 8미');
Insert into TOUR_DCODE (DCODE,DCODE_RES) values ('G12','해남군 대표음식점');
Insert into TOUR_DCODE (DCODE,DCODE_RES) values ('G13','해남 제철 맛');
Insert into TOUR_DCODE (DCODE,DCODE_RES) values ('G14','해남 추천 음식');
Insert into TOUR_DCODE (DCODE,DCODE_RES) values ('G15','읍면별 음식점');
Insert into TOUR_DCODE (DCODE,DCODE_RES) values ('H11','호텔/리조트');
Insert into TOUR_DCODE (DCODE,DCODE_RES) values ('H12','모텔/여관');
Insert into TOUR_DCODE (DCODE,DCODE_RES) values ('H13','민박/펜션');
Insert into TOUR_DCODE (DCODE,DCODE_RES) values ('H14','휴양림/캠핑카');
Insert into TOUR_DCODE (DCODE,DCODE_RES) values ('H15','유스호스텔');
Insert into TOUR_DCODE (DCODE,DCODE_RES) values ('H16','황토나라테마촌');
Insert into TOUR_DCODE (DCODE,DCODE_RES) values ('I11','해남브랜드');
Insert into TOUR_DCODE (DCODE,DCODE_RES) values ('I12','해남특산물');
Insert into TOUR_DCODE (DCODE,DCODE_RES) values ('I13','해남미소');
Insert into TOUR_DCODE (DCODE,DCODE_RES) values ('I14','전통시장현황');
Insert into TOUR_DCODE (DCODE,DCODE_RES) values ('I15','주조장');
Insert into TOUR_DCODE (DCODE,DCODE_RES) values ('J11','농어촌버스');
Insert into TOUR_DCODE (DCODE,DCODE_RES) values ('J12','직행직통버스');
Insert into TOUR_DCODE (DCODE,DCODE_RES) values ('J13','고속버스');
Insert into TOUR_DCODE (DCODE,DCODE_RES) values ('J14','우수영여객선 터미널');
Insert into TOUR_DCODE (DCODE,DCODE_RES) values ('J15','땅끝여객선');
Insert into TOUR_DCODE (DCODE,DCODE_RES) values ('J16','열차항공');
REM INSERTING into TOUR_VIEW
SET DEFINE OFF;
Insert into TOUR_VIEW (TOUR_ID,TOUR_NUM,TOUR_NAME,TOUR_ADDRESS,TOUR_TEL,TOUR_IMG1,TOUR_IMG2,TOUR_IMG3,TOUR_IMG4) values ('B110001',9,'TEst','11','111','./img/B/B110001/0.png','./img/B/B110001/1.png','./img/B/B110001/2.png','./img/B/B110001/3.png');
Insert into TOUR_VIEW (TOUR_ID,TOUR_NUM,TOUR_NAME,TOUR_ADDRESS,TOUR_TEL,TOUR_IMG1,TOUR_IMG2,TOUR_IMG3,TOUR_IMG4) values ('A110002',12,'주작산','전라남도 해남군 북일면 오소재로 391 (오소재 쉼터옆)','산림녹지과 산림보호팀: 061-530-5427 / 관광안내: 061-532-1330','./img/A/A110002/0.png','123','123','123');
Insert into TOUR_VIEW (TOUR_ID,TOUR_NUM,TOUR_NAME,TOUR_ADDRESS,TOUR_TEL,TOUR_IMG1,TOUR_IMG2,TOUR_IMG3,TOUR_IMG4) values ('A110001',2,'금강산','전라남도 해남군 해남읍 해리2길 50 (해촌서원)','산림녹지과 산림보호팀: 061-530- 5427/ 관광안내: 061-532-1330','./img/A/A110001/0.png','경로2','경로3','경로4');
Insert into TOUR_VIEW (TOUR_ID,TOUR_NUM,TOUR_NAME,TOUR_ADDRESS,TOUR_TEL,TOUR_IMG1,TOUR_IMG2,TOUR_IMG3,TOUR_IMG4) values ('A110004',14,'두륜산','전라남도 해남군 삼산면 대흥사길 400','산림녹지과 도립공원팀: 061-530-5958/ 관광안내: 061-532-1330','./img/A/A110004/0.png','null','null','null');
Insert into TOUR_VIEW (TOUR_ID,TOUR_NUM,TOUR_NAME,TOUR_ADDRESS,TOUR_TEL,TOUR_IMG1,TOUR_IMG2,TOUR_IMG3,TOUR_IMG4) values ('A110005',15,'달마산','전라남도 해남군 송지면 미황사길 164','산림녹지과 산림보호팀: 061-530-5427/ 관광안내: 061- 532- 1330','./img/A/A110005/0.png',null,null,null);
Insert into TOUR_VIEW (TOUR_ID,TOUR_NUM,TOUR_NAME,TOUR_ADDRESS,TOUR_TEL,TOUR_IMG1,TOUR_IMG2,TOUR_IMG3,TOUR_IMG4) values ('A110006',16,'병풍산','전라남도 해남군 현산면 금쇄동길  금쇄동길 228','산림녹지과 산림보호팀: 061-530-5427/ 관광안내:  061-532-1330','./img/A/A110006/1.png','null','null','null');
Insert into TOUR_VIEW (TOUR_ID,TOUR_NUM,TOUR_NAME,TOUR_ADDRESS,TOUR_TEL,TOUR_IMG1,TOUR_IMG2,TOUR_IMG3,TOUR_IMG4) values ('자웅산',10,'김태균','키키키','tel',null,null,null,null);
Insert into TOUR_VIEW (TOUR_ID,TOUR_NUM,TOUR_NAME,TOUR_ADDRESS,TOUR_TEL,TOUR_IMG1,TOUR_IMG2,TOUR_IMG3,TOUR_IMG4) values ('A120001',18,'국토순례길- 땅끝길','전라남도 해남군 송지면 땅끝마을길 42 일원','관광실 관광마케팅팀: 061-530- 5798 / 관광안내: 061-532-1330','./img/A/A120001/0.png','d','d','d');
Insert into TOUR_VIEW (TOUR_ID,TOUR_NUM,TOUR_NAME,TOUR_ADDRESS,TOUR_TEL,TOUR_IMG1,TOUR_IMG2,TOUR_IMG3,TOUR_IMG4) values ('A120002',20,'태고의 땅으로 떠나는 길 - 달마고도','전라남도 해남군 송지면 미황사길 164','관광실 축제팀 061-530-5160/ 관광안내: 061-532-1330','./img/A/A120002/0.png','null','null','null');
Insert into TOUR_VIEW (TOUR_ID,TOUR_NUM,TOUR_NAME,TOUR_ADDRESS,TOUR_TEL,TOUR_IMG1,TOUR_IMG2,TOUR_IMG3,TOUR_IMG4) values ('A110011',35,'123','123','123','./img/A/A110011/0.png','./img/A/A110011/1.png','./img/A/A110011/2.png','./img/A/A110011/3.png');
Insert into TOUR_VIEW (TOUR_ID,TOUR_NUM,TOUR_NAME,TOUR_ADDRESS,TOUR_TEL,TOUR_IMG1,TOUR_IMG2,TOUR_IMG3,TOUR_IMG4) values ('A110012',36,'123123123','123213','123123','./img/A/A110012/0.png','./img/A/A110012/1.png','./img/A/A110012/2.png','./img/A/A110012/3.png');
Insert into TOUR_VIEW (TOUR_ID,TOUR_NUM,TOUR_NAME,TOUR_ADDRESS,TOUR_TEL,TOUR_IMG1,TOUR_IMG2,TOUR_IMG3,TOUR_IMG4) values ('F150001',37,'123','123','123','./img/F/F150001/0.png','./img/F/F150001/1.png','./img/F/F150001/2.png','./img/F/F150001/3.png');
Insert into TOUR_VIEW (TOUR_ID,TOUR_NUM,TOUR_NAME,TOUR_ADDRESS,TOUR_TEL,TOUR_IMG1,TOUR_IMG2,TOUR_IMG3,TOUR_IMG4) values ('A110009',32,'123','123','123','./img/A/A110009/0.png','./img/A/A110009/1.png','./img/A/A110009/2.png','./img/A/A110009/3.png');
Insert into TOUR_VIEW (TOUR_ID,TOUR_NUM,TOUR_NAME,TOUR_ADDRESS,TOUR_TEL,TOUR_IMG1,TOUR_IMG2,TOUR_IMG3,TOUR_IMG4) values ('A110003',5,'갈두산','전라남도 해남군 송지면 땅끝마을길 60-28','산림녹지과 산림보호팀: 061-530-5427/ 관광안내: 061-532-1330','./img/A/A110003/0.png','null','null','null');
Insert into TOUR_VIEW (TOUR_ID,TOUR_NUM,TOUR_NAME,TOUR_ADDRESS,TOUR_TEL,TOUR_IMG1,TOUR_IMG2,TOUR_IMG3,TOUR_IMG4) values ('A110008',31,'테스트','테스트','테스테스테스트','./img/A/A110008/0.png','./img/A/A110008/1.png','./img/A/A110008/2.png','./img/A/A110008/3.png');
Insert into TOUR_VIEW (TOUR_ID,TOUR_NUM,TOUR_NAME,TOUR_ADDRESS,TOUR_TEL,TOUR_IMG1,TOUR_IMG2,TOUR_IMG3,TOUR_IMG4) values ('A110010',34,'45645','6546','456','./img/A/A110010/0.png','./img/A/A110010/1.png','./img/A/A110010/2.png','./img/A/A110010/3.png');
Insert into TOUR_VIEW (TOUR_ID,TOUR_NUM,TOUR_NAME,TOUR_ADDRESS,TOUR_TEL,TOUR_IMG1,TOUR_IMG2,TOUR_IMG3,TOUR_IMG4) values ('A110007',17,'흑석산(가학산)','전라남도 해남군 계곡면 산골길 306','산림녹지과 산림보호팀: 061- 530-5427 / 관광안내: 061-530-5915','./img/A/A110007/0.png','null','null','null');
